Mundia,link,Etapa,Resultado,Equipo1,Equipo2,Fecha
Mundial 2018,/partidos/2018_rusia_arabia_saudita.php,1raRonda_GrupoA,5-0,Rusia,ArabiaSaudita,Fecha:14-Jun-2018
Mundial 2018,/partidos/2018_egipto_uruguay.php,1raRonda_GrupoA,0-1,Egipto,Uruguay,Fecha:15-Jun-2018
Mundial 2018,/partidos/2018_portugal_espana.php,1raRonda_GrupoB,3-3,Portugal,España,Fecha:15-Jun-2018
Mundial 2018,/partidos/2018_marruecos_iran.php,1raRonda_GrupoB,0-1,Marruecos,Irán,Fecha:15-Jun-2018
Mundial 2018,/partidos/2018_francia_australia.php,1raRonda_GrupoC,2-1,Francia,Australia,Fecha:16-Jun-2018
Mundial 2018,/partidos/2018_peru_dinamarca.php,1raRonda_GrupoC,0-1,Perú,Dinamarca,Fecha:16-Jun-2018
Mundial 2018,/partidos/2018_argentina_islandia.php,1raRonda_GrupoD,1-1,Argentina,Islandia,Fecha:16-Jun-2018
Mundial 2018,/partidos/2018_croacia_nigeria.php,1raRonda_GrupoD,2-0,Croacia,Nigeria,Fecha:16-Jun-2018
Mundial 2018,/partidos/2018_brasil_suiza.php,1raRonda_GrupoE,1-1,Brasil,Suiza,Fecha:17-Jun-2018
Mundial 2018,/partidos/2018_costa_rica_serbia.php,1raRonda_GrupoE,0-1,CostaRica,Serbia,Fecha:17-Jun-2018
Mundial 2018,/partidos/2018_alemania_mexico.php,1raRonda_GrupoF,0-1,Alemania,México,Fecha:17-Jun-2018
Mundial 2018,/partidos/2018_suecia_corea_del_sur.php,1raRonda_GrupoF,1-0,Suecia,CoreadelSur,Fecha:18-Jun-2018
Mundial 2018,/partidos/2018_belgica_panama.php,1raRonda_GrupoG,3-0,Bélgica,Panama,Fecha:18-Jun-2018
Mundial 2018,/partidos/2018_tunez_inglaterra.php,1raRonda_GrupoG,1-2,Túnez,Inglaterra,Fecha:18-Jun-2018
Mundial 2018,/partidos/2018_polonia_senegal.php,1raRonda_GrupoH,1-2,Polonia,Senegal,Fecha:19-Jun-2018
Mundial 2018,/partidos/2018_colombia_japon.php,1raRonda_GrupoH,1-2,Colombia,Japón,Fecha:19-Jun-2018
Mundial 2018,/partidos/2018_rusia_egipto.php,1raRonda_GrupoA,3-1,Rusia,Egipto,Fecha:19-Jun-2018
Mundial 2018,/partidos/2018_uruguay_arabia_saudita.php,1raRonda_GrupoA,1-0,Uruguay,ArabiaSaudita,Fecha:20-Jun-2018
Mundial 2018,/partidos/2018_portugal_marruecos.php,1raRonda_GrupoB,1-0,Portugal,Marruecos,Fecha:20-Jun-2018
Mundial 2018,/partidos/2018_iran_espana.php,1raRonda_GrupoB,0-1,Irán,España,Fecha:20-Jun-2018
Mundial 2018,/partidos/2018_francia_peru.php,1raRonda_GrupoC,1-0,Francia,Perú,Fecha:21-Jun-2018
Mundial 2018,/partidos/2018_dinamarca_australia.php,1raRonda_GrupoC,1-1,Dinamarca,Australia,Fecha:21-Jun-2018
Mundial 2018,/partidos/2018_argentina_croacia.php,1raRonda_GrupoD,0-3,Argentina,Croacia,Fecha:21-Jun-2018
Mundial 2018,/partidos/2018_nigeria_islandia.php,1raRonda_GrupoD,2-0,Nigeria,Islandia,Fecha:22-Jun-2018
Mundial 2018,/partidos/2018_brasil_costa_rica.php,1raRonda_GrupoE,2-0,Brasil,CostaRica,Fecha:22-Jun-2018
Mundial 2018,/partidos/2018_serbia_suiza.php,1raRonda_GrupoE,1-2,Serbia,Suiza,Fecha:22-Jun-2018
Mundial 2018,/partidos/2018_alemania_suecia.php,1raRonda_GrupoF,2-1,Alemania,Suecia,Fecha:23-Jun-2018
Mundial 2018,/partidos/2018_corea_del_sur_mexico.php,1raRonda_GrupoF,1-2,CoreadelSur,México,Fecha:23-Jun-2018
Mundial 2018,/partidos/2018_belgica_tunez.php,1raRonda_GrupoG,5-2,Bélgica,Túnez,Fecha:23-Jun-2018
Mundial 2018,/partidos/2018_inglaterra_panama.php,1raRonda_GrupoG,6-1,Inglaterra,Panama,Fecha:24-Jun-2018
Mundial 2018,/partidos/2018_polonia_colombia.php,1raRonda_GrupoH,0-3,Polonia,Colombia,Fecha:24-Jun-2018
Mundial 2018,/partidos/2018_japon_senegal.php,1raRonda_GrupoH,2-2,Japón,Senegal,Fecha:24-Jun-2018
Mundial 2018,/partidos/2018_uruguay_rusia.php,1raRonda_GrupoA,3-0,Uruguay,Rusia,Fecha:25-Jun-2018
Mundial 2018,/partidos/2018_arabia_saudita_egipto.php,1raRonda_GrupoA,2-1,ArabiaSaudita,Egipto,Fecha:25-Jun-2018
Mundial 2018,/partidos/2018_iran_portugal.php,1raRonda_GrupoB,1-1,Irán,Portugal,Fecha:25-Jun-2018
Mundial 2018,/partidos/2018_espana_marruecos.php,1raRonda_GrupoB,2-2,España,Marruecos,Fecha:25-Jun-2018
Mundial 2018,/partidos/2018_dinamarca_francia.php,1raRonda_GrupoC,0-0,Dinamarca,Francia,Fecha:26-Jun-2018
Mundial 2018,/partidos/2018_australia_peru.php,1raRonda_GrupoC,0-2,Australia,Perú,Fecha:26-Jun-2018
Mundial 2018,/partidos/2018_nigeria_argentina.php,1raRonda_GrupoD,1-2,Nigeria,Argentina,Fecha:26-Jun-2018
Mundial 2018,/partidos/2018_islandia_croacia.php,1raRonda_GrupoD,1-2,Islandia,Croacia,Fecha:26-Jun-2018
Mundial 2018,/partidos/2018_serbia_brasil.php,1raRonda_GrupoE,0-2,Serbia,Brasil,Fecha:27-Jun-2018
Mundial 2018,/partidos/2018_suiza_costa_rica.php,1raRonda_GrupoE,2-2,Suiza,CostaRica,Fecha:27-Jun-2018
Mundial 2018,/partidos/2018_corea_del_sur_alemania.php,1raRonda_GrupoF,2-0,CoreadelSur,Alemania,Fecha:27-Jun-2018
Mundial 2018,/partidos/2018_mexico_suecia.php,1raRonda_GrupoF,0-3,México,Suecia,Fecha:27-Jun-2018
Mundial 2018,/partidos/2018_inglaterra_belgica.php,1raRonda_GrupoG,0-1,Inglaterra,Bélgica,Fecha:28-Jun-2018
Mundial 2018,/partidos/2018_panama_tunez.php,1raRonda_GrupoG,1-2,Panama,Túnez,Fecha:28-Jun-2018
Mundial 2018,/partidos/2018_japon_polonia.php,1raRonda_GrupoH,0-1,Japón,Polonia,Fecha:28-Jun-2018
Mundial 2018,/partidos/2018_senegal_colombia.php,1raRonda_GrupoH,0-1,Senegal,Colombia,Fecha:28-Jun-2018
Mundial 2018,/partidos/2018_uruguay_portugal.php,Octavos,2-1,Uruguay,Portugal,Fecha:30-Jun-2018
Mundial 2018,/partidos/2018_francia_argentina.php,Octavos,4-3,Francia,Argentina,Fecha:30-Jun-2018
Mundial 2018,/partidos/2018_espana_rusia.php,Octavos,1-1,España,Rusia,Fecha:01-Jul-2018
Mundial 2018,/partidos/2018_croacia_dinamarca.php,Octavos,1-1,Croacia,Dinamarca,Fecha:01-Jul-2018
Mundial 2018,/partidos/2018_brasil_mexico.php,Octavos,2-0,Brasil,México,Fecha:02-Jul-2018
Mundial 2018,/partidos/2018_belgica_japon.php,Octavos,3-2,Bélgica,Japón,Fecha:02-Jul-2018
Mundial 2018,/partidos/2018_suecia_suiza.php,Octavos,1-0,Suecia,Suiza,Fecha:03-Jul-2018
Mundial 2018,/partidos/2018_colombia_inglaterra.php,Octavos,1-1,Colombia,Inglaterra,Fecha:03-Jul-2018
Mundial 2018,/partidos/2018_uruguay_francia.php,Cuartos,0-2,Uruguay,Francia,Fecha:06-Jul-2018
Mundial 2018,/partidos/2018_brasil_belgica.php,Cuartos,1-2,Brasil,Bélgica,Fecha:06-Jul-2018
Mundial 2018,/partidos/2018_rusia_croacia.php,Cuartos,2-2,Rusia,Croacia,Fecha:07-Jul-2018
Mundial 2018,/partidos/2018_suecia_inglaterra.php,Cuartos,0-2,Suecia,Inglaterra,Fecha:07-Jul-2018
Mundial 2018,/partidos/2018_francia_belgica.php,Semis,1-0,Francia,Bélgica,Fecha:10-Jul-2018
Mundial 2018,/partidos/2018_croacia_inglaterra.php,Semis,2-1,Croacia,Inglaterra,Fecha:11-Jul-2018
Mundial 2018,/partidos/2018_belgica_inglaterra.php,3erPuesto,2-0,Bélgica,Inglaterra,Fecha:14-Jul-2018
Mundial 2018,/partidos/2018_francia_croacia.php,Final,4-2,Francia,Croacia,Fecha:15-Jul-2018
Mundial 2014,/partidos/2014_brasil_croacia.php,1raRonda_GrupoA,3-1,Brasil,Croacia,Fecha:12-Jun-2014
Mundial 2014,/partidos/2014_mexico_camerun.php,1raRonda_GrupoA,1-0,México,Camerún,Fecha:13-Jun-2014
Mundial 2014,/partidos/2014_espana_holanda.php,1raRonda_GrupoB,1-5,España,Holanda,Fecha:13-Jun-2014
Mundial 2014,/partidos/2014_chile_australia.php,1raRonda_GrupoB,3-1,Chile,Australia,Fecha:13-Jun-2014
Mundial 2014,/partidos/2014_colombia_grecia.php,1raRonda_GrupoC,3-0,Colombia,Grecia,Fecha:14-Jun-2014
Mundial 2014,/partidos/2014_costa_de_marfil_japon.php,1raRonda_GrupoC,2-1,CostadeMarfil,Japón,Fecha:14-Jun-2014
Mundial 2014,/partidos/2014_uruguay_costa_rica.php,1raRonda_GrupoD,1-3,Uruguay,CostaRica,Fecha:14-Jun-2014
Mundial 2014,/partidos/2014_inglaterra_italia.php,1raRonda_GrupoD,1-2,Inglaterra,Italia,Fecha:14-Jun-2014
Mundial 2014,/partidos/2014_suiza_ecuador.php,1raRonda_GrupoE,2-1,Suiza,Ecuador,Fecha:15-Jun-2014
Mundial 2014,/partidos/2014_francia_honduras.php,1raRonda_GrupoE,3-0,Francia,Honduras,Fecha:15-Jun-2014
Mundial 2014,/partidos/2014_argentina_bosnia_herzegovina.php,1raRonda_GrupoF,2-1,Argentina,Bosnia-Herzegovina,Fecha:15-Jun-2014
Mundial 2014,/partidos/2014_iran_nigeria.php,1raRonda_GrupoF,0-0,Irán,Nigeria,Fecha:16-Jun-2014
Mundial 2014,/partidos/2014_alemania_portugal.php,1raRonda_GrupoG,4-0,Alemania,Portugal,Fecha:16-Jun-2014
Mundial 2014,/partidos/2014_ghana_estados_unidos.php,1raRonda_GrupoG,1-2,Ghana,EstadosUnidos,Fecha:16-Jun-2014
Mundial 2014,/partidos/2014_belgica_argelia.php,1raRonda_GrupoH,2-1,Bélgica,Argelia,Fecha:17-Jun-2014
Mundial 2014,/partidos/2014_rusia_corea_del_sur.php,1raRonda_GrupoH,1-1,Rusia,CoreadelSur,Fecha:17-Jun-2014
Mundial 2014,/partidos/2014_brasil_mexico.php,1raRonda_GrupoA,0-0,Brasil,México,Fecha:17-Jun-2014
Mundial 2014,/partidos/2014_camerun_croacia.php,1raRonda_GrupoA,0-4,Camerún,Croacia,Fecha:18-Jun-2014
Mundial 2014,/partidos/2014_espana_chile.php,1raRonda_GrupoB,0-2,España,Chile,Fecha:18-Jun-2014
Mundial 2014,/partidos/2014_australia_holanda.php,1raRonda_GrupoB,2-3,Australia,Holanda,Fecha:18-Jun-2014
Mundial 2014,/partidos/2014_colombia_costa_de_marfil.php,1raRonda_GrupoC,2-1,Colombia,CostadeMarfil,Fecha:19-Jun-2014
Mundial 2014,/partidos/2014_japon_grecia.php,1raRonda_GrupoC,0-0,Japón,Grecia,Fecha:19-Jun-2014
Mundial 2014,/partidos/2014_uruguay_inglaterra.php,1raRonda_GrupoD,2-1,Uruguay,Inglaterra,Fecha:19-Jun-2014
Mundial 2014,/partidos/2014_italia_costa_rica.php,1raRonda_GrupoD,0-1,Italia,CostaRica,Fecha:20-Jun-2014
Mundial 2014,/partidos/2014_suiza_francia.php,1raRonda_GrupoE,2-5,Suiza,Francia,Fecha:20-Jun-2014
Mundial 2014,/partidos/2014_honduras_ecuador.php,1raRonda_GrupoE,1-2,Honduras,Ecuador,Fecha:20-Jun-2014
Mundial 2014,/partidos/2014_argentina_iran.php,1raRonda_GrupoF,1-0,Argentina,Irán,Fecha:21-Jun-2014
Mundial 2014,/partidos/2014_nigeria_bosnia_herzegovina.php,1raRonda_GrupoF,1-0,Nigeria,Bosnia-Herzegovina,Fecha:21-Jun-2014
Mundial 2014,/partidos/2014_alemania_ghana.php,1raRonda_GrupoG,2-2,Alemania,Ghana,Fecha:21-Jun-2014
Mundial 2014,/partidos/2014_estados_unidos_portugal.php,1raRonda_GrupoG,2-2,EstadosUnidos,Portugal,Fecha:22-Jun-2014
Mundial 2014,/partidos/2014_belgica_rusia.php,1raRonda_GrupoH,1-0,Bélgica,Rusia,Fecha:22-Jun-2014
Mundial 2014,/partidos/2014_corea_del_sur_argelia.php,1raRonda_GrupoH,2-4,CoreadelSur,Argelia,Fecha:22-Jun-2014
Mundial 2014,/partidos/2014_camerun_brasil.php,1raRonda_GrupoA,1-4,Camerún,Brasil,Fecha:23-Jun-2014
Mundial 2014,/partidos/2014_croacia_mexico.php,1raRonda_GrupoA,1-3,Croacia,México,Fecha:23-Jun-2014
Mundial 2014,/partidos/2014_australia_espana.php,1raRonda_GrupoB,0-3,Australia,España,Fecha:23-Jun-2014
Mundial 2014,/partidos/2014_holanda_chile.php,1raRonda_GrupoB,2-0,Holanda,Chile,Fecha:23-Jun-2014
Mundial 2014,/partidos/2014_japon_colombia.php,1raRonda_GrupoC,1-4,Japón,Colombia,Fecha:24-Jun-2014
Mundial 2014,/partidos/2014_grecia_costa_de_marfil.php,1raRonda_GrupoC,2-1,Grecia,CostadeMarfil,Fecha:24-Jun-2014
Mundial 2014,/partidos/2014_italia_uruguay.php,1raRonda_GrupoD,0-1,Italia,Uruguay,Fecha:24-Jun-2014
Mundial 2014,/partidos/2014_costa_rica_inglaterra.php,1raRonda_GrupoD,0-0,CostaRica,Inglaterra,Fecha:24-Jun-2014
Mundial 2014,/partidos/2014_honduras_suiza.php,1raRonda_GrupoE,0-3,Honduras,Suiza,Fecha:25-Jun-2014
Mundial 2014,/partidos/2014_ecuador_francia.php,1raRonda_GrupoE,0-0,Ecuador,Francia,Fecha:25-Jun-2014
Mundial 2014,/partidos/2014_nigeria_argentina.php,1raRonda_GrupoF,2-3,Nigeria,Argentina,Fecha:25-Jun-2014
Mundial 2014,/partidos/2014_bosnia_herzegovina_iran.php,1raRonda_GrupoF,3-1,Bosnia-Herzegovina,Irán,Fecha:25-Jun-2014
Mundial 2014,/partidos/2014_estados_unidos_alemania.php,1raRonda_GrupoG,0-1,EstadosUnidos,Alemania,Fecha:26-Jun-2014
Mundial 2014,/partidos/2014_portugal_ghana.php,1raRonda_GrupoG,2-1,Portugal,Ghana,Fecha:26-Jun-2014
Mundial 2014,/partidos/2014_corea_del_sur_belgica.php,1raRonda_GrupoH,0-1,CoreadelSur,Bélgica,Fecha:26-Jun-2014
Mundial 2014,/partidos/2014_argelia_rusia.php,1raRonda_GrupoH,1-1,Argelia,Rusia,Fecha:26-Jun-2014
Mundial 2014,/partidos/2014_brasil_chile.php,Octavos,1-1,Brasil,Chile,Fecha:28-Jun-2014
Mundial 2014,/partidos/2014_colombia_uruguay.php,Octavos,2-0,Colombia,Uruguay,Fecha:28-Jun-2014
Mundial 2014,/partidos/2014_holanda_mexico.php,Octavos,2-1,Holanda,México,Fecha:29-Jun-2014
Mundial 2014,/partidos/2014_costa_rica_grecia.php,Octavos,1-1,CostaRica,Grecia,Fecha:29-Jun-2014
Mundial 2014,/partidos/2014_francia_nigeria.php,Octavos,2-0,Francia,Nigeria,Fecha:30-Jun-2014
Mundial 2014,/partidos/2014_alemania_argelia.php,Octavos,2-1,Alemania,Argelia,Fecha:30-Jun-2014
Mundial 2014,/partidos/2014_argentina_suiza.php,Octavos,1-0,Argentina,Suiza,Fecha:01-Jul-2014
Mundial 2014,/partidos/2014_belgica_estados_unidos.php,Octavos,2-1,Bélgica,EstadosUnidos,Fecha:01-Jul-2014
Mundial 2014,/partidos/2014_brasil_colombia.php,Cuartos,2-1,Brasil,Colombia,Fecha:04-Jul-2014
Mundial 2014,/partidos/2014_francia_alemania.php,Cuartos,0-1,Francia,Alemania,Fecha:04-Jul-2014
Mundial 2014,/partidos/2014_holanda_costa_rica.php,Cuartos,0-0,Holanda,CostaRica,Fecha:05-Jul-2014
Mundial 2014,/partidos/2014_argentina_belgica.php,Cuartos,1-0,Argentina,Bélgica,Fecha:05-Jul-2014
Mundial 2014,/partidos/2014_brasil_alemania.php,Semis,1-7,Brasil,Alemania,Fecha:08-Jul-2014
Mundial 2014,/partidos/2014_holanda_argentina.php,Semis,0-0,Holanda,Argentina,Fecha:09-Jul-2014
Mundial 2014,/partidos/2014_brasil_holanda.php,3erPuesto,0-3,Brasil,Holanda,Fecha:12-Jul-2014
Mundial 2014,/partidos/2014_alemania_argentina.php,Final,1-0,Alemania,Argentina,Fecha:13-Jul-2014
Mundial 2010,/partidos/2010_sudafrica_mexico.php,1raRonda_GrupoA,1-1,Sudáfrica,México,Fecha:11-Jun-2010
Mundial 2010,/partidos/2010_uruguay_francia.php,1raRonda_GrupoA,0-0,Uruguay,Francia,Fecha:11-Jun-2010
Mundial 2010,/partidos/2010_argentina_nigeria.php,1raRonda_GrupoB,1-0,Argentina,Nigeria,Fecha:12-Jun-2010
Mundial 2010,/partidos/2010_corea_del_sur_grecia.php,1raRonda_GrupoB,2-0,CoreadelSur,Grecia,Fecha:12-Jun-2010
Mundial 2010,/partidos/2010_inglaterra_estados_unidos.php,1raRonda_GrupoC,1-1,Inglaterra,EstadosUnidos,Fecha:12-Jun-2010
Mundial 2010,/partidos/2010_argelia_eslovenia.php,1raRonda_GrupoC,0-1,Argelia,Eslovenia,Fecha:13-Jun-2010
Mundial 2010,/partidos/2010_alemania_australia.php,1raRonda_GrupoD,4-0,Alemania,Australia,Fecha:13-Jun-2010
Mundial 2010,/partidos/2010_serbia_ghana.php,1raRonda_GrupoD,0-1,Serbia,Ghana,Fecha:13-Jun-2010
Mundial 2010,/partidos/2010_holanda_dinamarca.php,1raRonda_GrupoE,2-0,Holanda,Dinamarca,Fecha:14-Jun-2010
Mundial 2010,/partidos/2010_japon_camerun.php,1raRonda_GrupoE,1-0,Japón,Camerún,Fecha:14-Jun-2010
Mundial 2010,/partidos/2010_italia_paraguay.php,1raRonda_GrupoF,1-1,Italia,Paraguay,Fecha:14-Jun-2010
Mundial 2010,/partidos/2010_nueva_zelanda_eslovaquia.php,1raRonda_GrupoF,1-1,NuevaZelanda,Eslovaquia,Fecha:15-Jun-2010
Mundial 2010,/partidos/2010_costa_de_marfil_portugal.php,1raRonda_GrupoG,0-0,CostadeMarfil,Portugal,Fecha:15-Jun-2010
Mundial 2010,/partidos/2010_brasil_corea_del_norte.php,1raRonda_GrupoG,2-1,Brasil,CoreadelNorte,Fecha:15-Jun-2010
Mundial 2010,/partidos/2010_honduras_chile.php,1raRonda_GrupoH,0-1,Honduras,Chile,Fecha:16-Jun-2010
Mundial 2010,/partidos/2010_espana_suiza.php,1raRonda_GrupoH,0-1,España,Suiza,Fecha:16-Jun-2010
Mundial 2010,/partidos/2010_sudafrica_uruguay.php,1raRonda_GrupoA,0-3,Sudáfrica,Uruguay,Fecha:16-Jun-2010
Mundial 2010,/partidos/2010_francia_mexico.php,1raRonda_GrupoA,0-2,Francia,México,Fecha:17-Jun-2010
Mundial 2010,/partidos/2010_grecia_nigeria.php,1raRonda_GrupoB,2-1,Grecia,Nigeria,Fecha:17-Jun-2010
Mundial 2010,/partidos/2010_argentina_corea_del_sur.php,1raRonda_GrupoB,4-1,Argentina,CoreadelSur,Fecha:17-Jun-2010
Mundial 2010,/partidos/2010_alemania_serbia.php,1raRonda_GrupoD,0-1,Alemania,Serbia,Fecha:18-Jun-2010
Mundial 2010,/partidos/2010_eslovenia_estados_unidos.php,1raRonda_GrupoC,2-2,Eslovenia,EstadosUnidos,Fecha:18-Jun-2010
Mundial 2010,/partidos/2010_inglaterra_argelia.php,1raRonda_GrupoC,0-0,Inglaterra,Argelia,Fecha:18-Jun-2010
Mundial 2010,/partidos/2010_ghana_australia.php,1raRonda_GrupoD,1-1,Ghana,Australia,Fecha:19-Jun-2010
Mundial 2010,/partidos/2010_holanda_japon.php,1raRonda_GrupoE,1-0,Holanda,Japón,Fecha:19-Jun-2010
Mundial 2010,/partidos/2010_camerun_dinamarca.php,1raRonda_GrupoE,1-2,Camerún,Dinamarca,Fecha:19-Jun-2010
Mundial 2010,/partidos/2010_eslovaquia_paraguay.php,1raRonda_GrupoF,0-2,Eslovaquia,Paraguay,Fecha:20-Jun-2010
Mundial 2010,/partidos/2010_italia_nueva_zelanda.php,1raRonda_GrupoF,1-1,Italia,NuevaZelanda,Fecha:20-Jun-2010
Mundial 2010,/partidos/2010_brasil_costa_de_marfil.php,1raRonda_GrupoG,3-1,Brasil,CostadeMarfil,Fecha:20-Jun-2010
Mundial 2010,/partidos/2010_portugal_corea_del_norte.php,1raRonda_GrupoG,7-0,Portugal,CoreadelNorte,Fecha:21-Jun-2010
Mundial 2010,/partidos/2010_chile_suiza.php,1raRonda_GrupoH,1-0,Chile,Suiza,Fecha:21-Jun-2010
Mundial 2010,/partidos/2010_espana_honduras.php,1raRonda_GrupoH,2-0,España,Honduras,Fecha:21-Jun-2010
Mundial 2010,/partidos/2010_mexico_uruguay.php,1raRonda_GrupoA,0-1,México,Uruguay,Fecha:22-Jun-2010
Mundial 2010,/partidos/2010_francia_sudafrica.php,1raRonda_GrupoA,1-2,Francia,Sudáfrica,Fecha:22-Jun-2010
Mundial 2010,/partidos/2010_nigeria_corea_del_sur.php,1raRonda_GrupoB,2-2,Nigeria,CoreadelSur,Fecha:22-Jun-2010
Mundial 2010,/partidos/2010_grecia_argentina.php,1raRonda_GrupoB,0-2,Grecia,Argentina,Fecha:22-Jun-2010
Mundial 2010,/partidos/2010_eslovenia_inglaterra.php,1raRonda_GrupoC,0-1,Eslovenia,Inglaterra,Fecha:23-Jun-2010
Mundial 2010,/partidos/2010_estados_unidos_argelia.php,1raRonda_GrupoC,1-0,EstadosUnidos,Argelia,Fecha:23-Jun-2010
Mundial 2010,/partidos/2010_ghana_alemania.php,1raRonda_GrupoD,0-1,Ghana,Alemania,Fecha:23-Jun-2010
Mundial 2010,/partidos/2010_australia_serbia.php,1raRonda_GrupoD,2-1,Australia,Serbia,Fecha:23-Jun-2010
Mundial 2010,/partidos/2010_eslovaquia_italia.php,1raRonda_GrupoF,3-2,Eslovaquia,Italia,Fecha:24-Jun-2010
Mundial 2010,/partidos/2010_paraguay_nueva_zelanda.php,1raRonda_GrupoF,0-0,Paraguay,NuevaZelanda,Fecha:24-Jun-2010
Mundial 2010,/partidos/2010_dinamarca_japon.php,1raRonda_GrupoE,1-3,Dinamarca,Japón,Fecha:24-Jun-2010
Mundial 2010,/partidos/2010_camerun_holanda.php,1raRonda_GrupoE,1-2,Camerún,Holanda,Fecha:24-Jun-2010
Mundial 2010,/partidos/2010_portugal_brasil.php,1raRonda_GrupoG,0-0,Portugal,Brasil,Fecha:25-Jun-2010
Mundial 2010,/partidos/2010_corea_del_norte_costa_de_marfil.php,1raRonda_GrupoG,0-3,CoreadelNorte,CostadeMarfil,Fecha:25-Jun-2010
Mundial 2010,/partidos/2010_chile_espana.php,1raRonda_GrupoH,1-2,Chile,España,Fecha:25-Jun-2010
Mundial 2010,/partidos/2010_suiza_honduras.php,1raRonda_GrupoH,0-0,Suiza,Honduras,Fecha:25-Jun-2010
Mundial 2010,/partidos/2010_uruguay_corea_del_sur.php,Octavos,2-1,Uruguay,CoreadelSur,Fecha:26-Jun-2010
Mundial 2010,/partidos/2010_estados_unidos_ghana.php,Octavos,1-2,EstadosUnidos,Ghana,Fecha:26-Jun-2010
Mundial 2010,/partidos/2010_alemania_inglaterra.php,Octavos,4-1,Alemania,Inglaterra,Fecha:27-Jun-2010
Mundial 2010,/partidos/2010_argentina_mexico.php,Octavos,3-1,Argentina,México,Fecha:27-Jun-2010
Mundial 2010,/partidos/2010_holanda_eslovaquia.php,Octavos,2-1,Holanda,Eslovaquia,Fecha:28-Jun-2010
Mundial 2010,/partidos/2010_brasil_chile.php,Octavos,3-0,Brasil,Chile,Fecha:28-Jun-2010
Mundial 2010,/partidos/2010_paraguay_japon.php,Octavos,0-0,Paraguay,Japón,Fecha:29-Jun-2010
Mundial 2010,/partidos/2010_espana_portugal.php,Octavos,1-0,España,Portugal,Fecha:29-Jun-2010
Mundial 2010,/partidos/2010_holanda_brasil.php,Cuartos,2-1,Holanda,Brasil,Fecha:02-Jul-2010
Mundial 2010,/partidos/2010_uruguay_ghana.php,Cuartos,1-1,Uruguay,Ghana,Fecha:02-Jul-2010
Mundial 2010,/partidos/2010_argentina_alemania.php,Cuartos,0-4,Argentina,Alemania,Fecha:03-Jul-2010
Mundial 2010,/partidos/2010_paraguay_espana.php,Cuartos,0-1,Paraguay,España,Fecha:03-Jul-2010
Mundial 2010,/partidos/2010_uruguay_holanda.php,Semis,2-3,Uruguay,Holanda,Fecha:06-Jul-2010
Mundial 2010,/partidos/2010_alemania_espana.php,Semis,0-1,Alemania,España,Fecha:07-Jul-2010
Mundial 2010,/partidos/2010_uruguay_alemania.php,3erPuesto,2-3,Uruguay,Alemania,Fecha:10-Jul-2010
Mundial 2010,/partidos/2010_holanda_espana.php,Final,0-1,Holanda,España,Fecha:11-Jul-2010
Mundial 2006,/partidos/2006_alemania_costa_rica.php,1raRonda_GrupoA,4-2,Alemania,CostaRica,Fecha:09-Jun-2006
Mundial 2006,/partidos/2006_polonia_ecuador.php,1raRonda_GrupoA,0-2,Polonia,Ecuador,Fecha:09-Jun-2006
Mundial 2006,/partidos/2006_inglaterra_paraguay.php,1raRonda_GrupoB,1-0,Inglaterra,Paraguay,Fecha:10-Jun-2006
Mundial 2006,/partidos/2006_trinidad_y_tobago_suecia.php,1raRonda_GrupoB,0-0,TrinidadyTobago,Suecia,Fecha:10-Jun-2006
Mundial 2006,/partidos/2006_argentina_costa_de_marfil.php,1raRonda_GrupoC,2-1,Argentina,CostadeMarfil,Fecha:10-Jun-2006
Mundial 2006,/partidos/2006_serbia_y_montenegro_holanda.php,1raRonda_GrupoC,0-1,SerbiayMontenegro,Holanda,Fecha:11-Jun-2006
Mundial 2006,/partidos/2006_mexico_iran.php,1raRonda_GrupoD,3-1,México,Irán,Fecha:11-Jun-2006
Mundial 2006,/partidos/2006_angola_portugal.php,1raRonda_GrupoD,0-1,Angola,Portugal,Fecha:11-Jun-2006
Mundial 2006,/partidos/2006_italia_ghana.php,1raRonda_GrupoE,2-0,Italia,Ghana,Fecha:12-Jun-2006
Mundial 2006,/partidos/2006_estados_unidos_republica_checa.php,1raRonda_GrupoE,0-3,EstadosUnidos,RepublicaCheca,Fecha:12-Jun-2006
Mundial 2006,/partidos/2006_australia_japon.php,1raRonda_GrupoF,3-1,Australia,Japón,Fecha:12-Jun-2006
Mundial 2006,/partidos/2006_brasil_croacia.php,1raRonda_GrupoF,1-0,Brasil,Croacia,Fecha:13-Jun-2006
Mundial 2006,/partidos/2006_francia_suiza.php,1raRonda_GrupoG,0-0,Francia,Suiza,Fecha:13-Jun-2006
Mundial 2006,/partidos/2006_corea_del_sur_togo.php,1raRonda_GrupoG,2-1,CoreadelSur,Togo,Fecha:13-Jun-2006
Mundial 2006,/partidos/2006_espana_ucrania.php,1raRonda_GrupoH,4-0,España,Ucrania,Fecha:14-Jun-2006
Mundial 2006,/partidos/2006_tunez_arabia_saudita.php,1raRonda_GrupoH,2-2,Túnez,ArabiaSaudita,Fecha:14-Jun-2006
Mundial 2006,/partidos/2006_alemania_polonia.php,1raRonda_GrupoA,1-0,Alemania,Polonia,Fecha:14-Jun-2006
Mundial 2006,/partidos/2006_ecuador_costa_rica.php,1raRonda_GrupoA,3-0,Ecuador,CostaRica,Fecha:15-Jun-2006
Mundial 2006,/partidos/2006_inglaterra_trinidad_y_tobago.php,1raRonda_GrupoB,2-0,Inglaterra,TrinidadyTobago,Fecha:15-Jun-2006
Mundial 2006,/partidos/2006_suecia_paraguay.php,1raRonda_GrupoB,1-0,Suecia,Paraguay,Fecha:15-Jun-2006
Mundial 2006,/partidos/2006_argentina_serbia_y_montenegro.php,1raRonda_GrupoC,6-0,Argentina,SerbiayMontenegro,Fecha:16-Jun-2006
Mundial 2006,/partidos/2006_holanda_costa_de_marfil.php,1raRonda_GrupoC,2-1,Holanda,CostadeMarfil,Fecha:16-Jun-2006
Mundial 2006,/partidos/2006_mexico_angola.php,1raRonda_GrupoD,0-0,México,Angola,Fecha:16-Jun-2006
Mundial 2006,/partidos/2006_portugal_iran.php,1raRonda_GrupoD,2-0,Portugal,Irán,Fecha:17-Jun-2006
Mundial 2006,/partidos/2006_italia_estados_unidos.php,1raRonda_GrupoE,1-1,Italia,EstadosUnidos,Fecha:17-Jun-2006
Mundial 2006,/partidos/2006_republica_checa_ghana.php,1raRonda_GrupoE,0-2,RepublicaCheca,Ghana,Fecha:17-Jun-2006
Mundial 2006,/partidos/2006_brasil_australia.php,1raRonda_GrupoF,2-0,Brasil,Australia,Fecha:18-Jun-2006
Mundial 2006,/partidos/2006_japon_croacia.php,1raRonda_GrupoF,0-0,Japón,Croacia,Fecha:18-Jun-2006
Mundial 2006,/partidos/2006_francia_corea_del_sur.php,1raRonda_GrupoG,1-1,Francia,CoreadelSur,Fecha:18-Jun-2006
Mundial 2006,/partidos/2006_togo_suiza.php,1raRonda_GrupoG,0-2,Togo,Suiza,Fecha:19-Jun-2006
Mundial 2006,/partidos/2006_espana_tunez.php,1raRonda_GrupoH,3-1,España,Túnez,Fecha:19-Jun-2006
Mundial 2006,/partidos/2006_arabia_saudita_ucrania.php,1raRonda_GrupoH,0-4,ArabiaSaudita,Ucrania,Fecha:19-Jun-2006
Mundial 2006,/partidos/2006_ecuador_alemania.php,1raRonda_GrupoA,0-3,Ecuador,Alemania,Fecha:20-Jun-2006
Mundial 2006,/partidos/2006_costa_rica_polonia.php,1raRonda_GrupoA,1-2,CostaRica,Polonia,Fecha:20-Jun-2006
Mundial 2006,/partidos/2006_suecia_inglaterra.php,1raRonda_GrupoB,2-2,Suecia,Inglaterra,Fecha:20-Jun-2006
Mundial 2006,/partidos/2006_paraguay_trinidad_y_tobago.php,1raRonda_GrupoB,2-0,Paraguay,TrinidadyTobago,Fecha:20-Jun-2006
Mundial 2006,/partidos/2006_holanda_argentina.php,1raRonda_GrupoC,0-0,Holanda,Argentina,Fecha:21-Jun-2006
Mundial 2006,/partidos/2006_costa_de_marfil_serbia_y_montenegro.php,1raRonda_GrupoC,3-2,CostadeMarfil,SerbiayMontenegro,Fecha:21-Jun-2006
Mundial 2006,/partidos/2006_portugal_mexico.php,1raRonda_GrupoD,2-1,Portugal,México,Fecha:21-Jun-2006
Mundial 2006,/partidos/2006_iran_angola.php,1raRonda_GrupoD,1-1,Irán,Angola,Fecha:21-Jun-2006
Mundial 2006,/partidos/2006_republica_checa_italia.php,1raRonda_GrupoE,0-2,RepublicaCheca,Italia,Fecha:22-Jun-2006
Mundial 2006,/partidos/2006_ghana_estados_unidos.php,1raRonda_GrupoE,2-1,Ghana,EstadosUnidos,Fecha:22-Jun-2006
Mundial 2006,/partidos/2006_japon_brasil.php,1raRonda_GrupoF,1-4,Japón,Brasil,Fecha:22-Jun-2006
Mundial 2006,/partidos/2006_croacia_australia.php,1raRonda_GrupoF,2-2,Croacia,Australia,Fecha:22-Jun-2006
Mundial 2006,/partidos/2006_togo_francia.php,1raRonda_GrupoG,0-2,Togo,Francia,Fecha:23-Jun-2006
Mundial 2006,/partidos/2006_suiza_corea_del_sur.php,1raRonda_GrupoG,2-0,Suiza,CoreadelSur,Fecha:23-Jun-2006
Mundial 2006,/partidos/2006_arabia_saudita_espana.php,1raRonda_GrupoH,0-1,ArabiaSaudita,España,Fecha:23-Jun-2006
Mundial 2006,/partidos/2006_ucrania_tunez.php,1raRonda_GrupoH,1-0,Ucrania,Túnez,Fecha:23-Jun-2006
Mundial 2006,/partidos/2006_alemania_suecia.php,Octavos,2-0,Alemania,Suecia,Fecha:24-Jun-2006
Mundial 2006,/partidos/2006_argentina_mexico.php,Octavos,2-1,Argentina,México,Fecha:24-Jun-2006
Mundial 2006,/partidos/2006_inglaterra_ecuador.php,Octavos,1-0,Inglaterra,Ecuador,Fecha:25-Jun-2006
Mundial 2006,/partidos/2006_portugal_holanda.php,Octavos,1-0,Portugal,Holanda,Fecha:25-Jun-2006
Mundial 2006,/partidos/2006_italia_australia.php,Octavos,1-0,Italia,Australia,Fecha:26-Jun-2006
Mundial 2006,/partidos/2006_suiza_ucrania.php,Octavos,0-0,Suiza,Ucrania,Fecha:26-Jun-2006
Mundial 2006,/partidos/2006_brasil_ghana.php,Octavos,3-0,Brasil,Ghana,Fecha:27-Jun-2006
Mundial 2006,/partidos/2006_espana_francia.php,Octavos,1-3,España,Francia,Fecha:27-Jun-2006
Mundial 2006,/partidos/2006_alemania_argentina.php,Cuartos,1-1,Alemania,Argentina,Fecha:30-Jun-2006
Mundial 2006,/partidos/2006_italia_ucrania.php,Cuartos,3-0,Italia,Ucrania,Fecha:30-Jun-2006
Mundial 2006,/partidos/2006_inglaterra_portugal.php,Cuartos,0-0,Inglaterra,Portugal,Fecha:01-Jul-2006
Mundial 2006,/partidos/2006_brasil_francia.php,Cuartos,0-1,Brasil,Francia,Fecha:01-Jul-2006
Mundial 2006,/partidos/2006_alemania_italia.php,Semis,0-2,Alemania,Italia,Fecha:04-Jul-2006
Mundial 2006,/partidos/2006_portugal_francia.php,Semis,0-1,Portugal,Francia,Fecha:05-Jul-2006
Mundial 2006,/partidos/2006_alemania_portugal.php,3erPuesto,3-1,Alemania,Portugal,Fecha:08-Jul-2006
Mundial 2006,/partidos/2006_italia_francia.php,Final,1-1,Italia,Francia,Fecha:09-Jul-2006
Mundial 2002,/partidos/2002_francia_senegal.php,1raRonda_GrupoA,0-1,Francia,Senegal,Fecha:31-May-2002
Mundial 2002,/partidos/2002_irlanda_camerun.php,1raRonda_GrupoE,1-1,Irlanda,Camerún,Fecha:01-Jun-2002
Mundial 2002,/partidos/2002_uruguay_dinamarca.php,1raRonda_GrupoA,1-2,Uruguay,Dinamarca,Fecha:01-Jun-2002
Mundial 2002,/partidos/2002_alemania_arabia_saudita.php,1raRonda_GrupoE,8-0,Alemania,ArabiaSaudita,Fecha:01-Jun-2002
Mundial 2002,/partidos/2002_inglaterra_suecia.php,1raRonda_GrupoF,1-1,Inglaterra,Suecia,Fecha:02-Jun-2002
Mundial 2002,/partidos/2002_paraguay_sudafrica.php,1raRonda_GrupoB,2-2,Paraguay,Sudáfrica,Fecha:02-Jun-2002
Mundial 2002,/partidos/2002_argentina_nigeria.php,1raRonda_GrupoF,1-0,Argentina,Nigeria,Fecha:02-Jun-2002
Mundial 2002,/partidos/2002_espana_eslovenia.php,1raRonda_GrupoB,3-1,España,Eslovenia,Fecha:02-Jun-2002
Mundial 2002,/partidos/2002_croacia_mexico.php,1raRonda_GrupoG,0-1,Croacia,México,Fecha:03-Jun-2002
Mundial 2002,/partidos/2002_brasil_turquia.php,1raRonda_GrupoC,2-1,Brasil,Turquía,Fecha:03-Jun-2002
Mundial 2002,/partidos/2002_italia_ecuador.php,1raRonda_GrupoG,2-0,Italia,Ecuador,Fecha:03-Jun-2002
Mundial 2002,/partidos/2002_china_costa_rica.php,1raRonda_GrupoC,0-2,China,CostaRica,Fecha:04-Jun-2002
Mundial 2002,/partidos/2002_japon_belgica.php,1raRonda_GrupoH,2-2,Japón,Bélgica,Fecha:04-Jun-2002
Mundial 2002,/partidos/2002_corea_del_sur_polonia.php,1raRonda_GrupoD,2-0,CoreadelSur,Polonia,Fecha:04-Jun-2002
Mundial 2002,/partidos/2002_rusia_tunez.php,1raRonda_GrupoH,2-0,Rusia,Túnez,Fecha:05-Jun-2002
Mundial 2002,/partidos/2002_estados_unidos_portugal.php,1raRonda_GrupoD,3-2,EstadosUnidos,Portugal,Fecha:05-Jun-2002
Mundial 2002,/partidos/2002_alemania_irlanda.php,1raRonda_GrupoE,1-1,Alemania,Irlanda,Fecha:05-Jun-2002
Mundial 2002,/partidos/2002_francia_uruguay.php,1raRonda_GrupoA,0-0,Francia,Uruguay,Fecha:06-Jun-2002
Mundial 2002,/partidos/2002_camerun_arabia_saudita.php,1raRonda_GrupoE,1-0,Camerún,ArabiaSaudita,Fecha:06-Jun-2002
Mundial 2002,/partidos/2002_dinamarca_senegal.php,1raRonda_GrupoA,1-1,Dinamarca,Senegal,Fecha:06-Jun-2002
Mundial 2002,/partidos/2002_suecia_nigeria.php,1raRonda_GrupoF,2-1,Suecia,Nigeria,Fecha:07-Jun-2002
Mundial 2002,/partidos/2002_espana_paraguay.php,1raRonda_GrupoB,3-1,España,Paraguay,Fecha:07-Jun-2002
Mundial 2002,/partidos/2002_argentina_inglaterra.php,1raRonda_GrupoF,0-1,Argentina,Inglaterra,Fecha:07-Jun-2002
Mundial 2002,/partidos/2002_sudafrica_eslovenia.php,1raRonda_GrupoB,1-0,Sudáfrica,Eslovenia,Fecha:08-Jun-2002
Mundial 2002,/partidos/2002_italia_croacia.php,1raRonda_GrupoG,1-2,Italia,Croacia,Fecha:08-Jun-2002
Mundial 2002,/partidos/2002_brasil_china.php,1raRonda_GrupoC,4-0,Brasil,China,Fecha:08-Jun-2002
Mundial 2002,/partidos/2002_mexico_ecuador.php,1raRonda_GrupoG,2-1,México,Ecuador,Fecha:09-Jun-2002
Mundial 2002,/partidos/2002_costa_rica_turquia.php,1raRonda_GrupoC,1-1,CostaRica,Turquía,Fecha:09-Jun-2002
Mundial 2002,/partidos/2002_japon_rusia.php,1raRonda_GrupoH,1-0,Japón,Rusia,Fecha:09-Jun-2002
Mundial 2002,/partidos/2002_corea_del_sur_estados_unidos.php,1raRonda_GrupoD,1-1,CoreadelSur,EstadosUnidos,Fecha:10-Jun-2002
Mundial 2002,/partidos/2002_tunez_belgica.php,1raRonda_GrupoH,1-1,Túnez,Bélgica,Fecha:10-Jun-2002
Mundial 2002,/partidos/2002_portugal_polonia.php,1raRonda_GrupoD,4-0,Portugal,Polonia,Fecha:10-Jun-2002
Mundial 2002,/partidos/2002_dinamarca_francia.php,1raRonda_GrupoA,2-0,Dinamarca,Francia,Fecha:11-Jun-2002
Mundial 2002,/partidos/2002_senegal_uruguay.php,1raRonda_GrupoA,3-3,Senegal,Uruguay,Fecha:11-Jun-2002
Mundial 2002,/partidos/2002_camerun_alemania.php,1raRonda_GrupoE,0-2,Camerún,Alemania,Fecha:11-Jun-2002
Mundial 2002,/partidos/2002_arabia_saudita_irlanda.php,1raRonda_GrupoE,0-3,ArabiaSaudita,Irlanda,Fecha:11-Jun-2002
Mundial 2002,/partidos/2002_suecia_argentina.php,1raRonda_GrupoF,1-1,Suecia,Argentina,Fecha:12-Jun-2002
Mundial 2002,/partidos/2002_nigeria_inglaterra.php,1raRonda_GrupoF,0-0,Nigeria,Inglaterra,Fecha:12-Jun-2002
Mundial 2002,/partidos/2002_sudafrica_espana.php,1raRonda_GrupoB,2-3,Sudáfrica,España,Fecha:12-Jun-2002
Mundial 2002,/partidos/2002_eslovenia_paraguay.php,1raRonda_GrupoB,1-3,Eslovenia,Paraguay,Fecha:12-Jun-2002
Mundial 2002,/partidos/2002_costa_rica_brasil.php,1raRonda_GrupoC,2-5,CostaRica,Brasil,Fecha:13-Jun-2002
Mundial 2002,/partidos/2002_turquia_china.php,1raRonda_GrupoC,3-0,Turquía,China,Fecha:13-Jun-2002
Mundial 2002,/partidos/2002_mexico_italia.php,1raRonda_GrupoG,1-1,México,Italia,Fecha:13-Jun-2002
Mundial 2002,/partidos/2002_ecuador_croacia.php,1raRonda_GrupoG,1-0,Ecuador,Croacia,Fecha:13-Jun-2002
Mundial 2002,/partidos/2002_tunez_japon.php,1raRonda_GrupoH,0-2,Túnez,Japón,Fecha:14-Jun-2002
Mundial 2002,/partidos/2002_belgica_rusia.php,1raRonda_GrupoH,3-2,Bélgica,Rusia,Fecha:14-Jun-2002
Mundial 2002,/partidos/2002_portugal_corea_del_sur.php,1raRonda_GrupoD,0-1,Portugal,CoreadelSur,Fecha:14-Jun-2002
Mundial 2002,/partidos/2002_polonia_estados_unidos.php,1raRonda_GrupoD,3-1,Polonia,EstadosUnidos,Fecha:14-Jun-2002
Mundial 2002,/partidos/2002_alemania_paraguay.php,Octavos,1-0,Alemania,Paraguay,Fecha:15-Jun-2002
Mundial 2002,/partidos/2002_dinamarca_inglaterra.php,Octavos,0-3,Dinamarca,Inglaterra,Fecha:15-Jun-2002
Mundial 2002,/partidos/2002_suecia_senegal.php,Octavos,1-2,Suecia,Senegal,Fecha:16-Jun-2002
Mundial 2002,/partidos/2002_espana_irlanda.php,Octavos,1-1,España,Irlanda,Fecha:16-Jun-2002
Mundial 2002,/partidos/2002_mexico_estados_unidos.php,Octavos,0-2,México,EstadosUnidos,Fecha:17-Jun-2002
Mundial 2002,/partidos/2002_brasil_belgica.php,Octavos,2-0,Brasil,Bélgica,Fecha:17-Jun-2002
Mundial 2002,/partidos/2002_japon_turquia.php,Octavos,0-1,Japón,Turquía,Fecha:18-Jun-2002
Mundial 2002,/partidos/2002_corea_del_sur_italia.php,Octavos,2-1,CoreadelSur,Italia,Fecha:18-Jun-2002
Mundial 2002,/partidos/2002_inglaterra_brasil.php,Cuartos,1-2,Inglaterra,Brasil,Fecha:21-Jun-2002
Mundial 2002,/partidos/2002_alemania_estados_unidos.php,Cuartos,1-0,Alemania,EstadosUnidos,Fecha:21-Jun-2002
Mundial 2002,/partidos/2002_espana_corea_del_sur.php,Cuartos,0-0,España,CoreadelSur,Fecha:22-Jun-2002
Mundial 2002,/partidos/2002_senegal_turquia.php,Cuartos,0-1,Senegal,Turquía,Fecha:22-Jun-2002
Mundial 2002,/partidos/2002_alemania_corea_del_sur.php,Semis,1-0,Alemania,CoreadelSur,Fecha:25-Jun-2002
Mundial 2002,/partidos/2002_brasil_turquia_2.php,Semis,1-0,Brasil,Turquía,Fecha:26-Jun-2002
Mundial 2002,/partidos/2002_corea_del_sur_turquia.php,3erPuesto,2-3,CoreadelSur,Turquía,Fecha:29-Jun-2002
Mundial 2002,/partidos/2002_alemania_brasil.php,Final,0-2,Alemania,Brasil,Fecha:30-Jun-2002
Mundial 1998,/partidos/1998_brasil_escocia.php,1raRonda_GrupoA,2-1,Brasil,Escocia,Fecha:10-Jun-1998
Mundial 1998,/partidos/1998_marruecos_noruega.php,1raRonda_GrupoA,2-2,Marruecos,Noruega,Fecha:10-Jun-1998
Mundial 1998,/partidos/1998_camerun_austria.php,1raRonda_GrupoB,1-1,Camerún,Austria,Fecha:11-Jun-1998
Mundial 1998,/partidos/1998_italia_chile.php,1raRonda_GrupoB,2-2,Italia,Chile,Fecha:11-Jun-1998
Mundial 1998,/partidos/1998_arabia_saudita_dinamarca.php,1raRonda_GrupoC,0-1,ArabiaSaudita,Dinamarca,Fecha:12-Jun-1998
Mundial 1998,/partidos/1998_francia_sudafrica.php,1raRonda_GrupoC,3-0,Francia,Sudáfrica,Fecha:12-Jun-1998
Mundial 1998,/partidos/1998_paraguay_bulgaria.php,1raRonda_GrupoD,0-0,Paraguay,Bulgaria,Fecha:12-Jun-1998
Mundial 1998,/partidos/1998_holanda_belgica.php,1raRonda_GrupoE,0-0,Holanda,Bélgica,Fecha:13-Jun-1998
Mundial 1998,/partidos/1998_corea_del_sur_mexico.php,1raRonda_GrupoE,1-3,CoreadelSur,México,Fecha:13-Jun-1998
Mundial 1998,/partidos/1998_espana_nigeria.php,1raRonda_GrupoD,2-3,España,Nigeria,Fecha:13-Jun-1998
Mundial 1998,/partidos/1998_jamaica_croacia.php,1raRonda_GrupoH,1-3,Jamaica,Croacia,Fecha:14-Jun-1998
Mundial 1998,/partidos/1998_rf_de_yugoslavia_iran.php,1raRonda_GrupoF,1-0,RFdeYugoslavia,Irán,Fecha:14-Jun-1998
Mundial 1998,/partidos/1998_argentina_japon.php,1raRonda_GrupoH,1-0,Argentina,Japón,Fecha:14-Jun-1998
Mundial 1998,/partidos/1998_alemania_estados_unidos.php,1raRonda_GrupoF,2-0,Alemania,EstadosUnidos,Fecha:15-Jun-1998
Mundial 1998,/partidos/1998_rumania_colombia.php,1raRonda_GrupoG,1-0,Rumania,Colombia,Fecha:15-Jun-1998
Mundial 1998,/partidos/1998_inglaterra_tunez.php,1raRonda_GrupoG,2-0,Inglaterra,Túnez,Fecha:15-Jun-1998
Mundial 1998,/partidos/1998_escocia_noruega.php,1raRonda_GrupoA,1-1,Escocia,Noruega,Fecha:16-Jun-1998
Mundial 1998,/partidos/1998_brasil_marruecos.php,1raRonda_GrupoA,3-0,Brasil,Marruecos,Fecha:16-Jun-1998
Mundial 1998,/partidos/1998_chile_austria.php,1raRonda_GrupoB,1-1,Chile,Austria,Fecha:17-Jun-1998
Mundial 1998,/partidos/1998_italia_camerun.php,1raRonda_GrupoB,3-0,Italia,Camerún,Fecha:17-Jun-1998
Mundial 1998,/partidos/1998_francia_arabia_saudita.php,1raRonda_GrupoC,4-0,Francia,ArabiaSaudita,Fecha:18-Jun-1998
Mundial 1998,/partidos/1998_sudafrica_dinamarca.php,1raRonda_GrupoC,1-1,Sudáfrica,Dinamarca,Fecha:18-Jun-1998
Mundial 1998,/partidos/1998_nigeria_bulgaria.php,1raRonda_GrupoD,1-0,Nigeria,Bulgaria,Fecha:19-Jun-1998
Mundial 1998,/partidos/1998_espana_paraguay.php,1raRonda_GrupoD,0-0,España,Paraguay,Fecha:19-Jun-1998
Mundial 1998,/partidos/1998_holanda_corea_del_sur.php,1raRonda_GrupoE,5-0,Holanda,CoreadelSur,Fecha:20-Jun-1998
Mundial 1998,/partidos/1998_belgica_mexico.php,1raRonda_GrupoE,2-2,Bélgica,México,Fecha:20-Jun-1998
Mundial 1998,/partidos/1998_japon_croacia.php,1raRonda_GrupoH,0-1,Japón,Croacia,Fecha:20-Jun-1998
Mundial 1998,/partidos/1998_argentina_jamaica.php,1raRonda_GrupoH,5-0,Argentina,Jamaica,Fecha:21-Jun-1998
Mundial 1998,/partidos/1998_alemania_rf_de_yugoslavia.php,1raRonda_GrupoF,2-2,Alemania,RFdeYugoslavia,Fecha:21-Jun-1998
Mundial 1998,/partidos/1998_estados_unidos_iran.php,1raRonda_GrupoF,1-2,EstadosUnidos,Irán,Fecha:21-Jun-1998
Mundial 1998,/partidos/1998_colombia_tunez.php,1raRonda_GrupoG,1-0,Colombia,Túnez,Fecha:22-Jun-1998
Mundial 1998,/partidos/1998_rumania_inglaterra.php,1raRonda_GrupoG,2-1,Rumania,Inglaterra,Fecha:22-Jun-1998
Mundial 1998,/partidos/1998_italia_austria.php,1raRonda_GrupoB,2-1,Italia,Austria,Fecha:23-Jun-1998
Mundial 1998,/partidos/1998_escocia_marruecos.php,1raRonda_GrupoA,0-3,Escocia,Marruecos,Fecha:23-Jun-1998
Mundial 1998,/partidos/1998_brasil_noruega.php,1raRonda_GrupoA,1-2,Brasil,Noruega,Fecha:23-Jun-1998
Mundial 1998,/partidos/1998_chile_camerun.php,1raRonda_GrupoB,1-1,Chile,Camerún,Fecha:23-Jun-1998
Mundial 1998,/partidos/1998_espana_bulgaria.php,1raRonda_GrupoD,6-1,España,Bulgaria,Fecha:24-Jun-1998
Mundial 1998,/partidos/1998_francia_dinamarca.php,1raRonda_GrupoC,2-1,Francia,Dinamarca,Fecha:24-Jun-1998
Mundial 1998,/partidos/1998_nigeria_paraguay.php,1raRonda_GrupoD,1-3,Nigeria,Paraguay,Fecha:24-Jun-1998
Mundial 1998,/partidos/1998_sudafrica_arabia_saudita.php,1raRonda_GrupoC,2-2,Sudáfrica,ArabiaSaudita,Fecha:24-Jun-1998
Mundial 1998,/partidos/1998_belgica_corea_del_sur.php,1raRonda_GrupoE,1-1,Bélgica,CoreadelSur,Fecha:25-Jun-1998
Mundial 1998,/partidos/1998_holanda_mexico.php,1raRonda_GrupoE,2-2,Holanda,México,Fecha:25-Jun-1998
Mundial 1998,/partidos/1998_alemania_iran.php,1raRonda_GrupoF,2-0,Alemania,Irán,Fecha:25-Jun-1998
Mundial 1998,/partidos/1998_estados_unidos_rf_de_yugoslavia.php,1raRonda_GrupoF,0-1,EstadosUnidos,RFdeYugoslavia,Fecha:25-Jun-1998
Mundial 1998,/partidos/1998_rumania_tunez.php,1raRonda_GrupoG,1-1,Rumania,Túnez,Fecha:26-Jun-1998
Mundial 1998,/partidos/1998_colombia_inglaterra.php,1raRonda_GrupoG,0-2,Colombia,Inglaterra,Fecha:26-Jun-1998
Mundial 1998,/partidos/1998_japon_jamaica.php,1raRonda_GrupoH,1-2,Japón,Jamaica,Fecha:26-Jun-1998
Mundial 1998,/partidos/1998_argentina_croacia.php,1raRonda_GrupoH,1-0,Argentina,Croacia,Fecha:26-Jun-1998
Mundial 1998,/partidos/1998_brasil_chile.php,Octavos,4-1,Brasil,Chile,Fecha:27-Jun-1998
Mundial 1998,/partidos/1998_italia_noruega.php,Octavos,1-0,Italia,Noruega,Fecha:27-Jun-1998
Mundial 1998,/partidos/1998_nigeria_dinamarca.php,Octavos,1-4,Nigeria,Dinamarca,Fecha:28-Jun-1998
Mundial 1998,/partidos/1998_francia_paraguay.php,Octavos,1-0,Francia,Paraguay,Fecha:28-Jun-1998
Mundial 1998,/partidos/1998_alemania_mexico.php,Octavos,2-1,Alemania,México,Fecha:29-Jun-1998
Mundial 1998,/partidos/1998_holanda_rf_de_yugoslavia.php,Octavos,2-1,Holanda,RFdeYugoslavia,Fecha:29-Jun-1998
Mundial 1998,/partidos/1998_argentina_inglaterra.php,Octavos,2-2,Argentina,Inglaterra,Fecha:30-Jun-1998
Mundial 1998,/partidos/1998_rumania_croacia.php,Octavos,0-1,Rumania,Croacia,Fecha:30-Jun-1998
Mundial 1998,/partidos/1998_italia_francia.php,Cuartos,0-0,Italia,Francia,Fecha:03-Jul-1998
Mundial 1998,/partidos/1998_brasil_dinamarca.php,Cuartos,3-2,Brasil,Dinamarca,Fecha:03-Jul-1998
Mundial 1998,/partidos/1998_alemania_croacia.php,Cuartos,0-3,Alemania,Croacia,Fecha:04-Jul-1998
Mundial 1998,/partidos/1998_holanda_argentina.php,Cuartos,2-1,Holanda,Argentina,Fecha:04-Jul-1998
Mundial 1998,/partidos/1998_brasil_holanda.php,Semis,1-1,Brasil,Holanda,Fecha:07-Jul-1998
Mundial 1998,/partidos/1998_francia_croacia.php,Semis,2-1,Francia,Croacia,Fecha:08-Jul-1998
Mundial 1998,/partidos/1998_holanda_croacia.php,3erPuesto,1-2,Holanda,Croacia,Fecha:11-Jul-1998
Mundial 1998,/partidos/1998_brasil_francia.php,Final,0-3,Brasil,Francia,Fecha:12-Jul-1998
Mundial 1994,/partidos/1994_alemania_bolivia.php,1raRonda_GrupoC,1-0,Alemania,Bolivia,Fecha:17-Jun-1994
Mundial 1994,/partidos/1994_espana_corea_del_sur.php,1raRonda_GrupoC,2-2,España,CoreadelSur,Fecha:17-Jun-1994
Mundial 1994,/partidos/1994_estados_unidos_suiza.php,1raRonda_GrupoA,1-1,EstadosUnidos,Suiza,Fecha:18-Jun-1994
Mundial 1994,/partidos/1994_italia_irlanda.php,1raRonda_GrupoE,0-1,Italia,Irlanda,Fecha:18-Jun-1994
Mundial 1994,/partidos/1994_colombia_rumania.php,1raRonda_GrupoA,1-3,Colombia,Rumania,Fecha:18-Jun-1994
Mundial 1994,/partidos/1994_belgica_marruecos.php,1raRonda_GrupoF,1-0,Bélgica,Marruecos,Fecha:19-Jun-1994
Mundial 1994,/partidos/1994_noruega_mexico.php,1raRonda_GrupoE,1-0,Noruega,México,Fecha:19-Jun-1994
Mundial 1994,/partidos/1994_camerun_suecia.php,1raRonda_GrupoB,2-2,Camerún,Suecia,Fecha:19-Jun-1994
Mundial 1994,/partidos/1994_brasil_rusia.php,1raRonda_GrupoB,2-0,Brasil,Rusia,Fecha:20-Jun-1994
Mundial 1994,/partidos/1994_holanda_arabia_saudita.php,1raRonda_GrupoF,2-1,Holanda,ArabiaSaudita,Fecha:20-Jun-1994
Mundial 1994,/partidos/1994_argentina_grecia.php,1raRonda_GrupoD,4-0,Argentina,Grecia,Fecha:21-Jun-1994
Mundial 1994,/partidos/1994_alemania_espana.php,1raRonda_GrupoC,1-1,Alemania,España,Fecha:21-Jun-1994
Mundial 1994,/partidos/1994_nigeria_bulgaria.php,1raRonda_GrupoD,3-0,Nigeria,Bulgaria,Fecha:21-Jun-1994
Mundial 1994,/partidos/1994_rumania_suiza.php,1raRonda_GrupoA,1-4,Rumania,Suiza,Fecha:22-Jun-1994
Mundial 1994,/partidos/1994_estados_unidos_colombia.php,1raRonda_GrupoA,2-1,EstadosUnidos,Colombia,Fecha:22-Jun-1994
Mundial 1994,/partidos/1994_italia_noruega.php,1raRonda_GrupoE,1-0,Italia,Noruega,Fecha:23-Jun-1994
Mundial 1994,/partidos/1994_corea_del_sur_bolivia.php,1raRonda_GrupoC,0-0,CoreadelSur,Bolivia,Fecha:23-Jun-1994
Mundial 1994,/partidos/1994_mexico_irlanda.php,1raRonda_GrupoE,2-1,México,Irlanda,Fecha:24-Jun-1994
Mundial 1994,/partidos/1994_brasil_camerun.php,1raRonda_GrupoB,3-0,Brasil,Camerún,Fecha:24-Jun-1994
Mundial 1994,/partidos/1994_suecia_rusia.php,1raRonda_GrupoB,3-1,Suecia,Rusia,Fecha:24-Jun-1994
Mundial 1994,/partidos/1994_belgica_holanda.php,1raRonda_GrupoF,1-0,Bélgica,Holanda,Fecha:25-Jun-1994
Mundial 1994,/partidos/1994_arabia_saudita_marruecos.php,1raRonda_GrupoF,2-1,ArabiaSaudita,Marruecos,Fecha:25-Jun-1994
Mundial 1994,/partidos/1994_argentina_nigeria.php,1raRonda_GrupoD,2-1,Argentina,Nigeria,Fecha:25-Jun-1994
Mundial 1994,/partidos/1994_bulgaria_grecia.php,1raRonda_GrupoD,4-0,Bulgaria,Grecia,Fecha:26-Jun-1994
Mundial 1994,/partidos/1994_estados_unidos_rumania.php,1raRonda_GrupoA,0-1,EstadosUnidos,Rumania,Fecha:26-Jun-1994
Mundial 1994,/partidos/1994_suiza_colombia.php,1raRonda_GrupoA,0-2,Suiza,Colombia,Fecha:26-Jun-1994
Mundial 1994,/partidos/1994_bolivia_espana.php,1raRonda_GrupoC,1-3,Bolivia,España,Fecha:27-Jun-1994
Mundial 1994,/partidos/1994_alemania_corea_del_sur.php,1raRonda_GrupoC,3-2,Alemania,CoreadelSur,Fecha:27-Jun-1994
Mundial 1994,/partidos/1994_irlanda_noruega.php,1raRonda_GrupoE,0-0,Irlanda,Noruega,Fecha:28-Jun-1994
Mundial 1994,/partidos/1994_italia_mexico.php,1raRonda_GrupoE,1-1,Italia,México,Fecha:28-Jun-1994
Mundial 1994,/partidos/1994_rusia_camerun.php,1raRonda_GrupoB,6-1,Rusia,Camerún,Fecha:28-Jun-1994
Mundial 1994,/partidos/1994_brasil_suecia.php,1raRonda_GrupoB,1-1,Brasil,Suecia,Fecha:28-Jun-1994
Mundial 1994,/partidos/1994_marruecos_holanda.php,1raRonda_GrupoF,1-2,Marruecos,Holanda,Fecha:29-Jun-1994
Mundial 1994,/partidos/1994_belgica_arabia_saudita.php,1raRonda_GrupoF,0-1,Bélgica,ArabiaSaudita,Fecha:29-Jun-1994
Mundial 1994,/partidos/1994_grecia_nigeria.php,1raRonda_GrupoD,0-2,Grecia,Nigeria,Fecha:30-Jun-1994
Mundial 1994,/partidos/1994_argentina_bulgaria.php,1raRonda_GrupoD,0-2,Argentina,Bulgaria,Fecha:30-Jun-1994
Mundial 1994,/partidos/1994_alemania_belgica.php,Octavos,3-2,Alemania,Bélgica,Fecha:02-Jul-1994
Mundial 1994,/partidos/1994_espana_suiza.php,Octavos,3-0,España,Suiza,Fecha:02-Jul-1994
Mundial 1994,/partidos/1994_arabia_saudita_suecia.php,Octavos,1-3,ArabiaSaudita,Suecia,Fecha:03-Jul-1994
Mundial 1994,/partidos/1994_rumania_argentina.php,Octavos,3-2,Rumania,Argentina,Fecha:03-Jul-1994
Mundial 1994,/partidos/1994_holanda_irlanda.php,Octavos,2-0,Holanda,Irlanda,Fecha:04-Jul-1994
Mundial 1994,/partidos/1994_brasil_estados_unidos.php,Octavos,1-0,Brasil,EstadosUnidos,Fecha:04-Jul-1994
Mundial 1994,/partidos/1994_nigeria_italia.php,Octavos,1-2,Nigeria,Italia,Fecha:05-Jul-1994
Mundial 1994,/partidos/1994_mexico_bulgaria.php,Octavos,1-1,México,Bulgaria,Fecha:05-Jul-1994
Mundial 1994,/partidos/1994_italia_espana.php,Cuartos,2-1,Italia,España,Fecha:09-Jul-1994
Mundial 1994,/partidos/1994_holanda_brasil.php,Cuartos,2-3,Holanda,Brasil,Fecha:09-Jul-1994
Mundial 1994,/partidos/1994_bulgaria_alemania.php,Cuartos,2-1,Bulgaria,Alemania,Fecha:10-Jul-1994
Mundial 1994,/partidos/1994_rumania_suecia.php,Cuartos,2-2,Rumania,Suecia,Fecha:10-Jul-1994
Mundial 1994,/partidos/1994_bulgaria_italia.php,Semis,1-2,Bulgaria,Italia,Fecha:13-Jul-1994
Mundial 1994,/partidos/1994_suecia_brasil.php,Semis,0-1,Suecia,Brasil,Fecha:13-Jul-1994
Mundial 1994,/partidos/1994_suecia_bulgaria.php,3erPuesto,4-0,Suecia,Bulgaria,Fecha:16-Jul-1994
Mundial 1994,/partidos/1994_brasil_italia.php,Final,0-0,Brasil,Italia,Fecha:17-Jul-1994
Mundial 1990,/partidos/1990_argentina_camerun.php,1raRonda_GrupoB,0-1,Argentina,Camerún,Fecha:08-Jun-1990
Mundial 1990,/partidos/1990_urss_rumania.php,1raRonda_GrupoB,0-2,URSS,Rumania,Fecha:09-Jun-1990
Mundial 1990,/partidos/1990_italia_austria.php,1raRonda_GrupoA,1-0,Italia,Austria,Fecha:09-Jun-1990
Mundial 1990,/partidos/1990_emiratos_arabes_colombia.php,1raRonda_GrupoD,0-2,EmiratosArabes,Colombia,Fecha:09-Jun-1990
Mundial 1990,/partidos/1990_estados_unidos_checoslovaquia.php,1raRonda_GrupoA,1-5,EstadosUnidos,Checoslovaquia,Fecha:10-Jun-1990
Mundial 1990,/partidos/1990_brasil_suecia.php,1raRonda_GrupoC,2-1,Brasil,Suecia,Fecha:10-Jun-1990
Mundial 1990,/partidos/1990_alemania_occidental_yugoslavia.php,1raRonda_GrupoD,4-1,AlemaniaOccidental,Yugoslavia,Fecha:10-Jun-1990
Mundial 1990,/partidos/1990_costa_rica_escocia.php,1raRonda_GrupoC,1-0,CostaRica,Escocia,Fecha:11-Jun-1990
Mundial 1990,/partidos/1990_inglaterra_irlanda.php,1raRonda_GrupoF,1-1,Inglaterra,Irlanda,Fecha:11-Jun-1990
Mundial 1990,/partidos/1990_belgica_corea_del_sur.php,1raRonda_GrupoE,2-0,Bélgica,CoreadelSur,Fecha:12-Jun-1990
Mundial 1990,/partidos/1990_holanda_egipto.php,1raRonda_GrupoF,1-1,Holanda,Egipto,Fecha:12-Jun-1990
Mundial 1990,/partidos/1990_uruguay_espana.php,1raRonda_GrupoE,0-0,Uruguay,España,Fecha:13-Jun-1990
Mundial 1990,/partidos/1990_argentina_urss.php,1raRonda_GrupoB,2-0,Argentina,URSS,Fecha:13-Jun-1990
Mundial 1990,/partidos/1990_yugoslavia_colombia.php,1raRonda_GrupoD,1-0,Yugoslavia,Colombia,Fecha:14-Jun-1990
Mundial 1990,/partidos/1990_italia_estados_unidos.php,1raRonda_GrupoA,1-0,Italia,EstadosUnidos,Fecha:14-Jun-1990
Mundial 1990,/partidos/1990_camerun_rumania.php,1raRonda_GrupoB,2-1,Camerún,Rumania,Fecha:14-Jun-1990
Mundial 1990,/partidos/1990_austria_checoslovaquia.php,1raRonda_GrupoA,0-1,Austria,Checoslovaquia,Fecha:15-Jun-1990
Mundial 1990,/partidos/1990_alemania_occidental_emiratos_arabes.php,1raRonda_GrupoD,5-1,AlemaniaOccidental,EmiratosArabes,Fecha:15-Jun-1990
Mundial 1990,/partidos/1990_brasil_costa_rica.php,1raRonda_GrupoC,1-0,Brasil,CostaRica,Fecha:16-Jun-1990
Mundial 1990,/partidos/1990_suecia_escocia.php,1raRonda_GrupoC,1-2,Suecia,Escocia,Fecha:16-Jun-1990
Mundial 1990,/partidos/1990_inglaterra_holanda.php,1raRonda_GrupoF,0-0,Inglaterra,Holanda,Fecha:16-Jun-1990
Mundial 1990,/partidos/1990_irlanda_egipto.php,1raRonda_GrupoF,0-0,Irlanda,Egipto,Fecha:17-Jun-1990
Mundial 1990,/partidos/1990_belgica_uruguay.php,1raRonda_GrupoE,3-1,Bélgica,Uruguay,Fecha:17-Jun-1990
Mundial 1990,/partidos/1990_corea_del_sur_espana.php,1raRonda_GrupoE,1-3,CoreadelSur,España,Fecha:17-Jun-1990
Mundial 1990,/partidos/1990_argentina_rumania.php,1raRonda_GrupoB,1-1,Argentina,Rumania,Fecha:18-Jun-1990
Mundial 1990,/partidos/1990_camerun_urss.php,1raRonda_GrupoB,0-4,Camerún,URSS,Fecha:18-Jun-1990
Mundial 1990,/partidos/1990_alemania_occidental_colombia.php,1raRonda_GrupoD,1-1,AlemaniaOccidental,Colombia,Fecha:19-Jun-1990
Mundial 1990,/partidos/1990_yugoslavia_emiratos_arabes.php,1raRonda_GrupoD,4-1,Yugoslavia,EmiratosArabes,Fecha:19-Jun-1990
Mundial 1990,/partidos/1990_italia_checoslovaquia.php,1raRonda_GrupoA,2-0,Italia,Checoslovaquia,Fecha:19-Jun-1990
Mundial 1990,/partidos/1990_austria_estados_unidos.php,1raRonda_GrupoA,2-1,Austria,EstadosUnidos,Fecha:19-Jun-1990
Mundial 1990,/partidos/1990_brasil_escocia.php,1raRonda_GrupoC,1-0,Brasil,Escocia,Fecha:20-Jun-1990
Mundial 1990,/partidos/1990_suecia_costa_rica.php,1raRonda_GrupoC,1-2,Suecia,CostaRica,Fecha:20-Jun-1990
Mundial 1990,/partidos/1990_belgica_espana.php,1raRonda_GrupoE,1-2,Bélgica,España,Fecha:21-Jun-1990
Mundial 1990,/partidos/1990_corea_del_sur_uruguay.php,1raRonda_GrupoE,0-1,CoreadelSur,Uruguay,Fecha:21-Jun-1990
Mundial 1990,/partidos/1990_inglaterra_egipto.php,1raRonda_GrupoF,1-0,Inglaterra,Egipto,Fecha:21-Jun-1990
Mundial 1990,/partidos/1990_irlanda_holanda.php,1raRonda_GrupoF,1-1,Irlanda,Holanda,Fecha:21-Jun-1990
Mundial 1990,/partidos/1990_camerun_colombia.php,Octavos,2-1,Camerún,Colombia,Fecha:23-Jun-1990
Mundial 1990,/partidos/1990_checoslovaquia_costa_rica.php,Octavos,4-1,Checoslovaquia,CostaRica,Fecha:23-Jun-1990
Mundial 1990,/partidos/1990_brasil_argentina.php,Octavos,0-1,Brasil,Argentina,Fecha:24-Jun-1990
Mundial 1990,/partidos/1990_alemania_occidental_holanda.php,Octavos,2-1,AlemaniaOccidental,Holanda,Fecha:24-Jun-1990
Mundial 1990,/partidos/1990_irlanda_rumania.php,Octavos,0-0,Irlanda,Rumania,Fecha:25-Jun-1990
Mundial 1990,/partidos/1990_italia_uruguay.php,Octavos,2-0,Italia,Uruguay,Fecha:25-Jun-1990
Mundial 1990,/partidos/1990_espana_yugoslavia.php,Octavos,1-2,España,Yugoslavia,Fecha:26-Jun-1990
Mundial 1990,/partidos/1990_inglaterra_belgica.php,Octavos,1-0,Inglaterra,Bélgica,Fecha:26-Jun-1990
Mundial 1990,/partidos/1990_argentina_yugoslavia.php,Cuartos,0-0,Argentina,Yugoslavia,Fecha:30-Jun-1990
Mundial 1990,/partidos/1990_italia_irlanda.php,Cuartos,1-0,Italia,Irlanda,Fecha:30-Jun-1990
Mundial 1990,/partidos/1990_alemania_occidental_checoslovaquia.php,Cuartos,1-0,AlemaniaOccidental,Checoslovaquia,Fecha:01-Jul-1990
Mundial 1990,/partidos/1990_camerun_inglaterra.php,Cuartos,2-3,Camerún,Inglaterra,Fecha:01-Jul-1990
Mundial 1990,/partidos/1990_italia_argentina.php,Semis,1-1,Italia,Argentina,Fecha:03-Jul-1990
Mundial 1990,/partidos/1990_inglaterra_alemania_occidental.php,Semis,1-1,Inglaterra,AlemaniaOccidental,Fecha:04-Jul-1990
Mundial 1990,/partidos/1990_italia_inglaterra.php,3erPuesto,2-1,Italia,Inglaterra,Fecha:07-Jul-1990
Mundial 1990,/partidos/1990_argentina_alemania_occidental.php,Final,0-1,Argentina,AlemaniaOccidental,Fecha:08-Jul-1990
Mundial 1986,/partidos/1986_bulgaria_italia.php,1raRonda_GrupoA,1-1,Bulgaria,Italia,Fecha:31-May-1986
Mundial 1986,/partidos/1986_espana_brasil.php,1raRonda_GrupoD,0-1,España,Brasil,Fecha:01-Jun-1986
Mundial 1986,/partidos/1986_canada_francia.php,1raRonda_GrupoC,0-1,Canadá,Francia,Fecha:01-Jun-1986
Mundial 1986,/partidos/1986_urss_hungria.php,1raRonda_GrupoC,6-0,URSS,Hungría,Fecha:02-Jun-1986
Mundial 1986,/partidos/1986_marruecos_polonia.php,1raRonda_GrupoF,0-0,Marruecos,Polonia,Fecha:02-Jun-1986
Mundial 1986,/partidos/1986_argentina_corea_del_sur.php,1raRonda_GrupoA,3-1,Argentina,CoreadelSur,Fecha:02-Jun-1986
Mundial 1986,/partidos/1986_portugal_inglaterra.php,1raRonda_GrupoF,1-0,Portugal,Inglaterra,Fecha:03-Jun-1986
Mundial 1986,/partidos/1986_argelia_irlanda_del_norte.php,1raRonda_GrupoD,1-1,Argelia,IrlandadelNorte,Fecha:03-Jun-1986
Mundial 1986,/partidos/1986_belgica_mexico.php,1raRonda_GrupoB,1-2,Bélgica,México,Fecha:03-Jun-1986
Mundial 1986,/partidos/1986_uruguay_alemania_occidental.php,1raRonda_GrupoE,1-1,Uruguay,AlemaniaOccidental,Fecha:04-Jun-1986
Mundial 1986,/partidos/1986_paraguay_iraq.php,1raRonda_GrupoB,1-0,Paraguay,Iraq,Fecha:04-Jun-1986
Mundial 1986,/partidos/1986_escocia_dinamarca.php,1raRonda_GrupoE,0-1,Escocia,Dinamarca,Fecha:04-Jun-1986
Mundial 1986,/partidos/1986_italia_argentina.php,1raRonda_GrupoA,1-1,Italia,Argentina,Fecha:05-Jun-1986
Mundial 1986,/partidos/1986_francia_urss.php,1raRonda_GrupoC,1-1,Francia,URSS,Fecha:05-Jun-1986
Mundial 1986,/partidos/1986_corea_del_sur_bulgaria.php,1raRonda_GrupoA,1-1,CoreadelSur,Bulgaria,Fecha:05-Jun-1986
Mundial 1986,/partidos/1986_brasil_argelia.php,1raRonda_GrupoD,1-0,Brasil,Argelia,Fecha:06-Jun-1986
Mundial 1986,/partidos/1986_hungria_canada.php,1raRonda_GrupoC,2-0,Hungría,Canadá,Fecha:06-Jun-1986
Mundial 1986,/partidos/1986_inglaterra_marruecos.php,1raRonda_GrupoF,0-0,Inglaterra,Marruecos,Fecha:06-Jun-1986
Mundial 1986,/partidos/1986_polonia_portugal.php,1raRonda_GrupoF,1-0,Polonia,Portugal,Fecha:07-Jun-1986
Mundial 1986,/partidos/1986_mexico_paraguay.php,1raRonda_GrupoB,1-1,México,Paraguay,Fecha:07-Jun-1986
Mundial 1986,/partidos/1986_irlanda_del_norte_espana.php,1raRonda_GrupoD,1-2,IrlandadelNorte,España,Fecha:07-Jun-1986
Mundial 1986,/partidos/1986_alemania_occidental_escocia.php,1raRonda_GrupoE,2-1,AlemaniaOccidental,Escocia,Fecha:08-Jun-1986
Mundial 1986,/partidos/1986_dinamarca_uruguay.php,1raRonda_GrupoE,6-1,Dinamarca,Uruguay,Fecha:08-Jun-1986
Mundial 1986,/partidos/1986_iraq_belgica.php,1raRonda_GrupoB,1-2,Iraq,Bélgica,Fecha:08-Jun-1986
Mundial 1986,/partidos/1986_urss_canada.php,1raRonda_GrupoC,2-0,URSS,Canadá,Fecha:09-Jun-1986
Mundial 1986,/partidos/1986_hungria_francia.php,1raRonda_GrupoC,0-3,Hungría,Francia,Fecha:09-Jun-1986
Mundial 1986,/partidos/1986_corea_del_sur_italia.php,1raRonda_GrupoA,2-3,CoreadelSur,Italia,Fecha:10-Jun-1986
Mundial 1986,/partidos/1986_argentina_bulgaria.php,1raRonda_GrupoA,2-0,Argentina,Bulgaria,Fecha:10-Jun-1986
Mundial 1986,/partidos/1986_portugal_marruecos.php,1raRonda_GrupoF,1-3,Portugal,Marruecos,Fecha:11-Jun-1986
Mundial 1986,/partidos/1986_paraguay_belgica.php,1raRonda_GrupoB,2-2,Paraguay,Bélgica,Fecha:11-Jun-1986
Mundial 1986,/partidos/1986_inglaterra_polonia.php,1raRonda_GrupoF,3-0,Inglaterra,Polonia,Fecha:11-Jun-1986
Mundial 1986,/partidos/1986_iraq_mexico.php,1raRonda_GrupoB,0-1,Iraq,México,Fecha:11-Jun-1986
Mundial 1986,/partidos/1986_irlanda_del_norte_brasil.php,1raRonda_GrupoD,0-3,IrlandadelNorte,Brasil,Fecha:12-Jun-1986
Mundial 1986,/partidos/1986_argelia_espana.php,1raRonda_GrupoD,0-3,Argelia,España,Fecha:12-Jun-1986
Mundial 1986,/partidos/1986_dinamarca_alemania_occidental.php,1raRonda_GrupoE,2-0,Dinamarca,AlemaniaOccidental,Fecha:13-Jun-1986
Mundial 1986,/partidos/1986_escocia_uruguay.php,1raRonda_GrupoE,0-0,Escocia,Uruguay,Fecha:13-Jun-1986
Mundial 1986,/partidos/1986_urss_belgica.php,Octavos,3-4,URSS,Bélgica,Fecha:15-Jun-1986
Mundial 1986,/partidos/1986_mexico_bulgaria.php,Octavos,2-0,México,Bulgaria,Fecha:15-Jun-1986
Mundial 1986,/partidos/1986_argentina_uruguay.php,Octavos,1-0,Argentina,Uruguay,Fecha:16-Jun-1986
Mundial 1986,/partidos/1986_brasil_polonia.php,Octavos,4-0,Brasil,Polonia,Fecha:16-Jun-1986
Mundial 1986,/partidos/1986_marruecos_alemania_occidental.php,Octavos,0-1,Marruecos,AlemaniaOccidental,Fecha:17-Jun-1986
Mundial 1986,/partidos/1986_italia_francia.php,Octavos,0-2,Italia,Francia,Fecha:17-Jun-1986
Mundial 1986,/partidos/1986_dinamarca_espana.php,Octavos,1-5,Dinamarca,España,Fecha:18-Jun-1986
Mundial 1986,/partidos/1986_inglaterra_paraguay.php,Octavos,3-0,Inglaterra,Paraguay,Fecha:18-Jun-1986
Mundial 1986,/partidos/1986_mexico_alemania_occidental.php,Cuartos,0-0,México,AlemaniaOccidental,Fecha:21-Jun-1986
Mundial 1986,/partidos/1986_brasil_francia.php,Cuartos,1-1,Brasil,Francia,Fecha:21-Jun-1986
Mundial 1986,/partidos/1986_argentina_inglaterra.php,Cuartos,2-1,Argentina,Inglaterra,Fecha:22-Jun-1986
Mundial 1986,/partidos/1986_belgica_espana.php,Cuartos,1-1,Bélgica,España,Fecha:22-Jun-1986
Mundial 1986,/partidos/1986_argentina_belgica.php,Semis,2-0,Argentina,Bélgica,Fecha:25-Jun-1986
Mundial 1986,/partidos/1986_alemania_occidental_francia.php,Semis,2-0,AlemaniaOccidental,Francia,Fecha:25-Jun-1986
Mundial 1986,/partidos/1986_belgica_francia.php,3erPuesto,2-4,Bélgica,Francia,Fecha:28-Jun-1986
Mundial 1986,/partidos/1986_argentina_alemania_occidental.php,Final,3-2,Argentina,AlemaniaOccidental,Fecha:29-Jun-1986
Mundial 1982,/partidos/1982_argentina_belgica.php,1raRonda_GrupoC,0-1,Argentina,Bélgica,Fecha:13-Jun-1982
Mundial 1982,/partidos/1982_italia_polonia.php,1raRonda_GrupoA,0-0,Italia,Polonia,Fecha:14-Jun-1982
Mundial 1982,/partidos/1982_brasil_urss.php,1raRonda_GrupoF,2-1,Brasil,URSS,Fecha:14-Jun-1982
Mundial 1982,/partidos/1982_peru_camerun.php,1raRonda_GrupoA,0-0,Perú,Camerún,Fecha:15-Jun-1982
Mundial 1982,/partidos/1982_hungria_el_salvador.php,1raRonda_GrupoC,10-1,Hungría,ElSalvador,Fecha:15-Jun-1982
Mundial 1982,/partidos/1982_escocia_nueva_zelanda.php,1raRonda_GrupoF,5-2,Escocia,NuevaZelanda,Fecha:15-Jun-1982
Mundial 1982,/partidos/1982_alemania_occidental_argelia.php,1raRonda_GrupoB,1-2,AlemaniaOccidental,Argelia,Fecha:16-Jun-1982
Mundial 1982,/partidos/1982_inglaterra_francia.php,1raRonda_GrupoD,3-1,Inglaterra,Francia,Fecha:16-Jun-1982
Mundial 1982,/partidos/1982_espana_honduras.php,1raRonda_GrupoE,1-1,España,Honduras,Fecha:16-Jun-1982
Mundial 1982,/partidos/1982_yugoslavia_irlanda_del_norte.php,1raRonda_GrupoE,0-0,Yugoslavia,IrlandadelNorte,Fecha:17-Jun-1982
Mundial 1982,/partidos/1982_chile_austria.php,1raRonda_GrupoB,0-1,Chile,Austria,Fecha:17-Jun-1982
Mundial 1982,/partidos/1982_checoslovaquia_kuwait.php,1raRonda_GrupoD,1-1,Checoslovaquia,Kuwait,Fecha:17-Jun-1982
Mundial 1982,/partidos/1982_brasil_escocia.php,1raRonda_GrupoF,4-1,Brasil,Escocia,Fecha:18-Jun-1982
Mundial 1982,/partidos/1982_italia_peru.php,1raRonda_GrupoA,1-1,Italia,Perú,Fecha:18-Jun-1982
Mundial 1982,/partidos/1982_argentina_hungria.php,1raRonda_GrupoC,4-1,Argentina,Hungría,Fecha:18-Jun-1982
Mundial 1982,/partidos/1982_urss_nueva_zelanda.php,1raRonda_GrupoF,3-0,URSS,NuevaZelanda,Fecha:19-Jun-1982
Mundial 1982,/partidos/1982_belgica_el_salvador.php,1raRonda_GrupoC,1-0,Bélgica,ElSalvador,Fecha:19-Jun-1982
Mundial 1982,/partidos/1982_polonia_camerun.php,1raRonda_GrupoA,0-0,Polonia,Camerún,Fecha:19-Jun-1982
Mundial 1982,/partidos/1982_inglaterra_checoslovaquia.php,1raRonda_GrupoD,2-0,Inglaterra,Checoslovaquia,Fecha:20-Jun-1982
Mundial 1982,/partidos/1982_espana_yugoslavia.php,1raRonda_GrupoE,2-1,España,Yugoslavia,Fecha:20-Jun-1982
Mundial 1982,/partidos/1982_alemania_occidental_chile.php,1raRonda_GrupoB,4-1,AlemaniaOccidental,Chile,Fecha:20-Jun-1982
Mundial 1982,/partidos/1982_argelia_austria.php,1raRonda_GrupoB,0-2,Argelia,Austria,Fecha:21-Jun-1982
Mundial 1982,/partidos/1982_honduras_irlanda_del_norte.php,1raRonda_GrupoE,1-1,Honduras,IrlandadelNorte,Fecha:21-Jun-1982
Mundial 1982,/partidos/1982_francia_kuwait.php,1raRonda_GrupoD,4-1,Francia,Kuwait,Fecha:21-Jun-1982
Mundial 1982,/partidos/1982_belgica_hungria.php,1raRonda_GrupoC,1-1,Bélgica,Hungría,Fecha:22-Jun-1982
Mundial 1982,/partidos/1982_urss_escocia.php,1raRonda_GrupoF,2-2,URSS,Escocia,Fecha:22-Jun-1982
Mundial 1982,/partidos/1982_polonia_peru.php,1raRonda_GrupoA,5-1,Polonia,Perú,Fecha:22-Jun-1982
Mundial 1982,/partidos/1982_italia_camerun.php,1raRonda_GrupoA,1-1,Italia,Camerún,Fecha:23-Jun-1982
Mundial 1982,/partidos/1982_argentina_el_salvador.php,1raRonda_GrupoC,2-0,Argentina,ElSalvador,Fecha:23-Jun-1982
Mundial 1982,/partidos/1982_brasil_nueva_zelanda.php,1raRonda_GrupoF,4-0,Brasil,NuevaZelanda,Fecha:23-Jun-1982
Mundial 1982,/partidos/1982_francia_checoslovaquia.php,1raRonda_GrupoD,1-1,Francia,Checoslovaquia,Fecha:24-Jun-1982
Mundial 1982,/partidos/1982_honduras_yugoslavia.php,1raRonda_GrupoE,0-1,Honduras,Yugoslavia,Fecha:24-Jun-1982
Mundial 1982,/partidos/1982_argelia_chile.php,1raRonda_GrupoB,3-2,Argelia,Chile,Fecha:24-Jun-1982
Mundial 1982,/partidos/1982_irlanda_del_norte_espana.php,1raRonda_GrupoE,1-0,IrlandadelNorte,España,Fecha:25-Jun-1982
Mundial 1982,/partidos/1982_alemania_occidental_austria.php,1raRonda_GrupoB,1-0,AlemaniaOccidental,Austria,Fecha:25-Jun-1982
Mundial 1982,/partidos/1982_inglaterra_kuwait.php,1raRonda_GrupoD,1-0,Inglaterra,Kuwait,Fecha:25-Jun-1982
Mundial 1982,/partidos/1982_austria_francia.php,2daRonda_Grupo4,0-1,Austria,Francia,Fecha:28-Jun-1982
Mundial 1982,/partidos/1982_polonia_belgica.php,2daRonda_Grupo1,3-0,Polonia,Bélgica,Fecha:28-Jun-1982
Mundial 1982,/partidos/1982_alemania_occidental_inglaterra.php,2daRonda_Grupo2,0-0,AlemaniaOccidental,Inglaterra,Fecha:29-Jun-1982
Mundial 1982,/partidos/1982_italia_argentina.php,2daRonda_Grupo3,2-1,Italia,Argentina,Fecha:29-Jun-1982
Mundial 1982,/partidos/1982_belgica_urss.php,2daRonda_Grupo1,0-1,Bélgica,URSS,Fecha:01-Jul-1982
Mundial 1982,/partidos/1982_austria_irlanda_del_norte.php,2daRonda_Grupo4,2-2,Austria,IrlandadelNorte,Fecha:01-Jul-1982
Mundial 1982,/partidos/1982_alemania_occidental_espana.php,2daRonda_Grupo2,2-1,AlemaniaOccidental,España,Fecha:02-Jul-1982
Mundial 1982,/partidos/1982_argentina_brasil.php,2daRonda_Grupo3,1-3,Argentina,Brasil,Fecha:02-Jul-1982
Mundial 1982,/partidos/1982_francia_irlanda_del_norte.php,2daRonda_Grupo4,4-1,Francia,IrlandadelNorte,Fecha:04-Jul-1982
Mundial 1982,/partidos/1982_polonia_urss.php,2daRonda_Grupo1,0-0,Polonia,URSS,Fecha:04-Jul-1982
Mundial 1982,/partidos/1982_italia_brasil.php,2daRonda_Grupo3,3-2,Italia,Brasil,Fecha:05-Jul-1982
Mundial 1982,/partidos/1982_espana_inglaterra.php,2daRonda_Grupo2,0-0,España,Inglaterra,Fecha:05-Jul-1982
Mundial 1982,/partidos/1982_alemania_occidental_francia.php,Semis,3-3,AlemaniaOccidental,Francia,Fecha:08-Jul-1982
Mundial 1982,/partidos/1982_polonia_italia.php,Semis,0-2,Polonia,Italia,Fecha:08-Jul-1982
Mundial 1982,/partidos/1982_polonia_francia.php,3erPuesto,3-2,Polonia,Francia,Fecha:10-Jul-1982
Mundial 1982,/partidos/1982_italia_alemania_occidental.php,Final,3-1,Italia,AlemaniaOccidental,Fecha:11-Jul-1982
Mundial 1978,/partidos/1978_alemania_occidental_polonia.php,1raRonda_Grupo2,0-0,AlemaniaOccidental,Polonia,Fecha:01-Jun-1978
Mundial 1978,/partidos/1978_tunez_mexico.php,1raRonda_Grupo2,3-1,Túnez,México,Fecha:02-Jun-1978
Mundial 1978,/partidos/1978_italia_francia.php,1raRonda_Grupo1,2-1,Italia,Francia,Fecha:02-Jun-1978
Mundial 1978,/partidos/1978_argentina_hungria.php,1raRonda_Grupo1,2-1,Argentina,Hungría,Fecha:02-Jun-1978
Mundial 1978,/partidos/1978_holanda_iran.php,1raRonda_Grupo4,3-0,Holanda,Irán,Fecha:03-Jun-1978
Mundial 1978,/partidos/1978_austria_espana.php,1raRonda_Grupo3,2-1,Austria,España,Fecha:03-Jun-1978
Mundial 1978,/partidos/1978_peru_escocia.php,1raRonda_Grupo4,3-1,Perú,Escocia,Fecha:03-Jun-1978
Mundial 1978,/partidos/1978_suecia_brasil.php,1raRonda_Grupo3,1-1,Suecia,Brasil,Fecha:03-Jun-1978
Mundial 1978,/partidos/1978_argentina_francia.php,1raRonda_Grupo1,2-1,Argentina,Francia,Fecha:06-Jun-1978
Mundial 1978,/partidos/1978_polonia_tunez.php,1raRonda_Grupo2,1-0,Polonia,Túnez,Fecha:06-Jun-1978
Mundial 1978,/partidos/1978_italia_hungria.php,1raRonda_Grupo1,3-1,Italia,Hungría,Fecha:06-Jun-1978
Mundial 1978,/partidos/1978_alemania_occidental_mexico.php,1raRonda_Grupo2,6-0,AlemaniaOccidental,México,Fecha:06-Jun-1978
Mundial 1978,/partidos/1978_austria_suecia.php,1raRonda_Grupo3,1-0,Austria,Suecia,Fecha:07-Jun-1978
Mundial 1978,/partidos/1978_brasil_espana.php,1raRonda_Grupo3,0-0,Brasil,España,Fecha:07-Jun-1978
Mundial 1978,/partidos/1978_holanda_peru.php,1raRonda_Grupo4,0-0,Holanda,Perú,Fecha:07-Jun-1978
Mundial 1978,/partidos/1978_escocia_iran.php,1raRonda_Grupo4,1-1,Escocia,Irán,Fecha:07-Jun-1978
Mundial 1978,/partidos/1978_polonia_mexico.php,1raRonda_Grupo2,3-1,Polonia,México,Fecha:10-Jun-1978
Mundial 1978,/partidos/1978_alemania_occidental_tunez.php,1raRonda_Grupo2,0-0,AlemaniaOccidental,Túnez,Fecha:10-Jun-1978
Mundial 1978,/partidos/1978_italia_argentina.php,1raRonda_Grupo1,1-0,Italia,Argentina,Fecha:10-Jun-1978
Mundial 1978,/partidos/1978_francia_hungria.php,1raRonda_Grupo1,3-1,Francia,Hungría,Fecha:10-Jun-1978
Mundial 1978,/partidos/1978_peru_iran.php,1raRonda_Grupo4,4-1,Perú,Irán,Fecha:11-Jun-1978
Mundial 1978,/partidos/1978_brasil_austria.php,1raRonda_Grupo3,1-0,Brasil,Austria,Fecha:11-Jun-1978
Mundial 1978,/partidos/1978_escocia_holanda.php,1raRonda_Grupo4,3-2,Escocia,Holanda,Fecha:11-Jun-1978
Mundial 1978,/partidos/1978_espana_suecia.php,1raRonda_Grupo3,1-0,España,Suecia,Fecha:11-Jun-1978
Mundial 1978,/partidos/1978_holanda_austria.php,2daRonda_GrupoA,5-1,Holanda,Austria,Fecha:14-Jun-1978
Mundial 1978,/partidos/1978_brasil_peru.php,2daRonda_GrupoB,3-0,Brasil,Perú,Fecha:14-Jun-1978
Mundial 1978,/partidos/1978_argentina_polonia.php,2daRonda_GrupoB,2-0,Argentina,Polonia,Fecha:14-Jun-1978
Mundial 1978,/partidos/1978_alemania_occidental_italia.php,2daRonda_GrupoA,0-0,AlemaniaOccidental,Italia,Fecha:14-Jun-1978
Mundial 1978,/partidos/1978_italia_austria.php,2daRonda_GrupoA,1-0,Italia,Austria,Fecha:18-Jun-1978
Mundial 1978,/partidos/1978_polonia_peru.php,2daRonda_GrupoB,1-0,Polonia,Perú,Fecha:18-Jun-1978
Mundial 1978,/partidos/1978_argentina_brasil.php,2daRonda_GrupoB,0-0,Argentina,Brasil,Fecha:18-Jun-1978
Mundial 1978,/partidos/1978_alemania_occidental_holanda.php,2daRonda_GrupoA,2-2,AlemaniaOccidental,Holanda,Fecha:18-Jun-1978
Mundial 1978,/partidos/1978_brasil_polonia.php,2daRonda_GrupoB,3-1,Brasil,Polonia,Fecha:21-Jun-1978
Mundial 1978,/partidos/1978_holanda_italia.php,2daRonda_GrupoA,2-1,Holanda,Italia,Fecha:21-Jun-1978
Mundial 1978,/partidos/1978_austria_alemania_occidental.php,2daRonda_GrupoA,3-2,Austria,AlemaniaOccidental,Fecha:21-Jun-1978
Mundial 1978,/partidos/1978_argentina_peru.php,2daRonda_GrupoB,6-0,Argentina,Perú,Fecha:21-Jun-1978
Mundial 1978,/partidos/1978_brasil_italia.php,3erPuesto,2-1,Brasil,Italia,Fecha:24-Jun-1978
Mundial 1978,/partidos/1978_argentina_holanda.php,Final,3-1,Argentina,Holanda,Fecha:25-Jun-1978
Mundial 1974,/partidos/1974_brasil_yugoslavia.php,1raRonda_Grupo2,0-0,Brasil,Yugoslavia,Fecha:13-Jun-1974
Mundial 1974,/partidos/1974_alemania_occidental_chile.php,1raRonda_Grupo1,1-0,AlemaniaOccidental,Chile,Fecha:14-Jun-1974
Mundial 1974,/partidos/1974_alemania_oriental_australia.php,1raRonda_Grupo1,2-0,AlemaniaOriental,Australia,Fecha:14-Jun-1974
Mundial 1974,/partidos/1974_zaire_escocia.php,1raRonda_Grupo2,0-2,Zaire,Escocia,Fecha:14-Jun-1974
Mundial 1974,/partidos/1974_uruguay_holanda.php,1raRonda_Grupo3,0-2,Uruguay,Holanda,Fecha:15-Jun-1974
Mundial 1974,/partidos/1974_suecia_bulgaria.php,1raRonda_Grupo3,0-0,Suecia,Bulgaria,Fecha:15-Jun-1974
Mundial 1974,/partidos/1974_polonia_argentina.php,1raRonda_Grupo4,3-2,Polonia,Argentina,Fecha:15-Jun-1974
Mundial 1974,/partidos/1974_italia_haiti.php,1raRonda_Grupo4,3-1,Italia,Haití,Fecha:15-Jun-1974
Mundial 1974,/partidos/1974_australia_alemania_occidental.php,1raRonda_Grupo1,0-3,Australia,AlemaniaOccidental,Fecha:18-Jun-1974
Mundial 1974,/partidos/1974_yugoslavia_zaire.php,1raRonda_Grupo2,9-0,Yugoslavia,Zaire,Fecha:18-Jun-1974
Mundial 1974,/partidos/1974_escocia_brasil.php,1raRonda_Grupo2,0-0,Escocia,Brasil,Fecha:18-Jun-1974
Mundial 1974,/partidos/1974_chile_alemania_oriental.php,1raRonda_Grupo1,1-1,Chile,AlemaniaOriental,Fecha:18-Jun-1974
Mundial 1974,/partidos/1974_holanda_suecia.php,1raRonda_Grupo3,0-0,Holanda,Suecia,Fecha:19-Jun-1974
Mundial 1974,/partidos/1974_haiti_polonia.php,1raRonda_Grupo4,0-7,Haití,Polonia,Fecha:19-Jun-1974
Mundial 1974,/partidos/1974_bulgaria_uruguay.php,1raRonda_Grupo3,1-1,Bulgaria,Uruguay,Fecha:19-Jun-1974
Mundial 1974,/partidos/1974_argentina_italia.php,1raRonda_Grupo4,1-1,Argentina,Italia,Fecha:19-Jun-1974
Mundial 1974,/partidos/1974_zaire_brasil.php,1raRonda_Grupo2,0-3,Zaire,Brasil,Fecha:22-Jun-1974
Mundial 1974,/partidos/1974_alemania_oriental_alemania_occidental.php,1raRonda_Grupo1,1-0,AlemaniaOriental,AlemaniaOccidental,Fecha:22-Jun-1974
Mundial 1974,/partidos/1974_escocia_yugoslavia.php,1raRonda_Grupo2,1-1,Escocia,Yugoslavia,Fecha:22-Jun-1974
Mundial 1974,/partidos/1974_australia_chile.php,1raRonda_Grupo1,0-0,Australia,Chile,Fecha:22-Jun-1974
Mundial 1974,/partidos/1974_bulgaria_holanda.php,1raRonda_Grupo3,1-4,Bulgaria,Holanda,Fecha:23-Jun-1974
Mundial 1974,/partidos/1974_argentina_haiti.php,1raRonda_Grupo4,4-1,Argentina,Haití,Fecha:23-Jun-1974
Mundial 1974,/partidos/1974_suecia_uruguay.php,1raRonda_Grupo3,3-0,Suecia,Uruguay,Fecha:23-Jun-1974
Mundial 1974,/partidos/1974_polonia_italia.php,1raRonda_Grupo4,2-1,Polonia,Italia,Fecha:23-Jun-1974
Mundial 1974,/partidos/1974_suecia_polonia.php,2daRonda_GrupoB,0-1,Suecia,Polonia,Fecha:26-Jun-1974
Mundial 1974,/partidos/1974_yugoslavia_alemania_occidental.php,2daRonda_GrupoB,0-2,Yugoslavia,AlemaniaOccidental,Fecha:26-Jun-1974
Mundial 1974,/partidos/1974_holanda_argentina.php,2daRonda_GrupoA,4-0,Holanda,Argentina,Fecha:26-Jun-1974
Mundial 1974,/partidos/1974_brasil_alemania_oriental.php,2daRonda_GrupoA,1-0,Brasil,AlemaniaOriental,Fecha:26-Jun-1974
Mundial 1974,/partidos/1974_alemania_oriental_holanda.php,2daRonda_GrupoA,0-2,AlemaniaOriental,Holanda,Fecha:30-Jun-1974
Mundial 1974,/partidos/1974_polonia_yugoslavia.php,2daRonda_GrupoB,2-1,Polonia,Yugoslavia,Fecha:30-Jun-1974
Mundial 1974,/partidos/1974_argentina_brasil.php,2daRonda_GrupoA,1-2,Argentina,Brasil,Fecha:30-Jun-1974
Mundial 1974,/partidos/1974_alemania_occidental_suecia.php,2daRonda_GrupoB,4-2,AlemaniaOccidental,Suecia,Fecha:30-Jun-1974
Mundial 1974,/partidos/1974_argentina_alemania_oriental.php,2daRonda_GrupoA,1-1,Argentina,AlemaniaOriental,Fecha:03-Jul-1974
Mundial 1974,/partidos/1974_polonia_alemania_occidental.php,2daRonda_GrupoB,0-1,Polonia,AlemaniaOccidental,Fecha:03-Jul-1974
Mundial 1974,/partidos/1974_holanda_brasil.php,2daRonda_GrupoA,2-0,Holanda,Brasil,Fecha:03-Jul-1974
Mundial 1974,/partidos/1974_suecia_yugoslavia.php,2daRonda_GrupoB,2-1,Suecia,Yugoslavia,Fecha:03-Jul-1974
Mundial 1974,/partidos/1974_brasil_polonia.php,3erPuesto,0-1,Brasil,Polonia,Fecha:06-Jul-1974
Mundial 1974,/partidos/1974_holanda_alemania_occidental.php,Final,1-2,Holanda,AlemaniaOccidental,Fecha:07-Jul-1974
Mundial 1970,/partidos/1970_mexico_urss.php,1raRonda_Grupo1,0-0,México,URSS,Fecha:31-May-1970
Mundial 1970,/partidos/1970_uruguay_israel.php,1raRonda_Grupo2,2-0,Uruguay,Israel,Fecha:02-Jun-1970
Mundial 1970,/partidos/1970_peru_bulgaria.php,1raRonda_Grupo4,3-2,Perú,Bulgaria,Fecha:02-Jun-1970
Mundial 1970,/partidos/1970_inglaterra_rumania.php,1raRonda_Grupo3,1-0,Inglaterra,Rumania,Fecha:02-Jun-1970
Mundial 1970,/partidos/1970_alemania_occidental_marruecos.php,1raRonda_Grupo4,2-1,AlemaniaOccidental,Marruecos,Fecha:03-Jun-1970
Mundial 1970,/partidos/1970_belgica_el_salvador.php,1raRonda_Grupo1,3-0,Bélgica,ElSalvador,Fecha:03-Jun-1970
Mundial 1970,/partidos/1970_brasil_checoslovaquia.php,1raRonda_Grupo3,4-1,Brasil,Checoslovaquia,Fecha:03-Jun-1970
Mundial 1970,/partidos/1970_italia_suecia.php,1raRonda_Grupo2,1-0,Italia,Suecia,Fecha:03-Jun-1970
Mundial 1970,/partidos/1970_uruguay_italia.php,1raRonda_Grupo2,0-0,Uruguay,Italia,Fecha:06-Jun-1970
Mundial 1970,/partidos/1970_urss_belgica.php,1raRonda_Grupo1,4-1,URSS,Bélgica,Fecha:06-Jun-1970
Mundial 1970,/partidos/1970_rumania_checoslovaquia.php,1raRonda_Grupo3,2-1,Rumania,Checoslovaquia,Fecha:06-Jun-1970
Mundial 1970,/partidos/1970_peru_marruecos.php,1raRonda_Grupo4,3-0,Perú,Marruecos,Fecha:06-Jun-1970
Mundial 1970,/partidos/1970_suecia_israel.php,1raRonda_Grupo2,1-1,Suecia,Israel,Fecha:07-Jun-1970
Mundial 1970,/partidos/1970_mexico_el_salvador.php,1raRonda_Grupo1,4-0,México,ElSalvador,Fecha:07-Jun-1970
Mundial 1970,/partidos/1970_alemania_occidental_bulgaria.php,1raRonda_Grupo4,5-2,AlemaniaOccidental,Bulgaria,Fecha:07-Jun-1970
Mundial 1970,/partidos/1970_brasil_inglaterra.php,1raRonda_Grupo3,1-0,Brasil,Inglaterra,Fecha:07-Jun-1970
Mundial 1970,/partidos/1970_suecia_uruguay.php,1raRonda_Grupo2,1-0,Suecia,Uruguay,Fecha:10-Jun-1970
Mundial 1970,/partidos/1970_alemania_occidental_peru.php,1raRonda_Grupo4,3-1,AlemaniaOccidental,Perú,Fecha:10-Jun-1970
Mundial 1970,/partidos/1970_urss_el_salvador.php,1raRonda_Grupo1,2-0,URSS,ElSalvador,Fecha:10-Jun-1970
Mundial 1970,/partidos/1970_brasil_rumania.php,1raRonda_Grupo3,3-2,Brasil,Rumania,Fecha:10-Jun-1970
Mundial 1970,/partidos/1970_bulgaria_marruecos.php,1raRonda_Grupo4,1-1,Bulgaria,Marruecos,Fecha:11-Jun-1970
Mundial 1970,/partidos/1970_inglaterra_checoslovaquia.php,1raRonda_Grupo3,1-0,Inglaterra,Checoslovaquia,Fecha:11-Jun-1970
Mundial 1970,/partidos/1970_mexico_belgica.php,1raRonda_Grupo1,1-0,México,Bélgica,Fecha:11-Jun-1970
Mundial 1970,/partidos/1970_italia_israel.php,1raRonda_Grupo2,0-0,Italia,Israel,Fecha:11-Jun-1970
Mundial 1970,/partidos/1970_brasil_peru.php,Cuartos,4-2,Brasil,Perú,Fecha:14-Jun-1970
Mundial 1970,/partidos/1970_italia_mexico.php,Cuartos,4-1,Italia,México,Fecha:14-Jun-1970
Mundial 1970,/partidos/1970_alemania_occidental_inglaterra.php,Cuartos,3-2,AlemaniaOccidental,Inglaterra,Fecha:14-Jun-1970
Mundial 1970,/partidos/1970_uruguay_urss.php,Cuartos,1-0,Uruguay,URSS,Fecha:14-Jun-1970
Mundial 1970,/partidos/1970_italia_alemania_occidental.php,Semis,4-3,Italia,AlemaniaOccidental,Fecha:17-Jun-1970
Mundial 1970,/partidos/1970_uruguay_brasil.php,Semis,1-3,Uruguay,Brasil,Fecha:17-Jun-1970
Mundial 1970,/partidos/1970_uruguay_alemania_occidental.php,3erPuesto,0-1,Uruguay,AlemaniaOccidental,Fecha:20-Jun-1970
Mundial 1970,/partidos/1970_brasil_italia.php,Final,4-1,Brasil,Italia,Fecha:21-Jun-1970
Mundial 1966,/partidos/1966_inglaterra_uruguay.php,1raRonda_Grupo1,0-0,Inglaterra,Uruguay,Fecha:11-Jul-1966
Mundial 1966,/partidos/1966_alemania_occidental_suiza.php,1raRonda_Grupo2,5-0,AlemaniaOccidental,Suiza,Fecha:12-Jul-1966
Mundial 1966,/partidos/1966_urss_corea_del_norte.php,1raRonda_Grupo4,3-0,URSS,CoreadelNorte,Fecha:12-Jul-1966
Mundial 1966,/partidos/1966_brasil_bulgaria.php,1raRonda_Grupo3,2-0,Brasil,Bulgaria,Fecha:12-Jul-1966
Mundial 1966,/partidos/1966_italia_chile.php,1raRonda_Grupo4,2-0,Italia,Chile,Fecha:13-Jul-1966
Mundial 1966,/partidos/1966_argentina_espana.php,1raRonda_Grupo2,2-1,Argentina,España,Fecha:13-Jul-1966
Mundial 1966,/partidos/1966_portugal_hungria.php,1raRonda_Grupo3,3-1,Portugal,Hungría,Fecha:13-Jul-1966
Mundial 1966,/partidos/1966_francia_mexico.php,1raRonda_Grupo1,1-1,Francia,México,Fecha:13-Jul-1966
Mundial 1966,/partidos/1966_uruguay_francia.php,1raRonda_Grupo1,2-1,Uruguay,Francia,Fecha:15-Jul-1966
Mundial 1966,/partidos/1966_corea_del_norte_chile.php,1raRonda_Grupo4,1-1,CoreadelNorte,Chile,Fecha:15-Jul-1966
Mundial 1966,/partidos/1966_espana_suiza.php,1raRonda_Grupo2,2-1,España,Suiza,Fecha:15-Jul-1966
Mundial 1966,/partidos/1966_hungria_brasil.php,1raRonda_Grupo3,3-1,Hungría,Brasil,Fecha:15-Jul-1966
Mundial 1966,/partidos/1966_inglaterra_mexico.php,1raRonda_Grupo1,2-0,Inglaterra,México,Fecha:16-Jul-1966
Mundial 1966,/partidos/1966_portugal_bulgaria.php,1raRonda_Grupo3,3-0,Portugal,Bulgaria,Fecha:16-Jul-1966
Mundial 1966,/partidos/1966_urss_italia.php,1raRonda_Grupo4,1-0,URSS,Italia,Fecha:16-Jul-1966
Mundial 1966,/partidos/1966_alemania_occidental_argentina.php,1raRonda_Grupo2,0-0,AlemaniaOccidental,Argentina,Fecha:16-Jul-1966
Mundial 1966,/partidos/1966_portugal_brasil.php,1raRonda_Grupo3,3-1,Portugal,Brasil,Fecha:19-Jul-1966
Mundial 1966,/partidos/1966_uruguay_mexico.php,1raRonda_Grupo1,0-0,Uruguay,México,Fecha:19-Jul-1966
Mundial 1966,/partidos/1966_corea_del_norte_italia.php,1raRonda_Grupo4,1-0,CoreadelNorte,Italia,Fecha:19-Jul-1966
Mundial 1966,/partidos/1966_argentina_suiza.php,1raRonda_Grupo2,2-0,Argentina,Suiza,Fecha:19-Jul-1966
Mundial 1966,/partidos/1966_inglaterra_francia.php,1raRonda_Grupo1,2-0,Inglaterra,Francia,Fecha:20-Jul-1966
Mundial 1966,/partidos/1966_hungria_bulgaria.php,1raRonda_Grupo3,3-1,Hungría,Bulgaria,Fecha:20-Jul-1966
Mundial 1966,/partidos/1966_urss_chile.php,1raRonda_Grupo4,2-1,URSS,Chile,Fecha:20-Jul-1966
Mundial 1966,/partidos/1966_alemania_occidental_espana.php,1raRonda_Grupo2,2-1,AlemaniaOccidental,España,Fecha:20-Jul-1966
Mundial 1966,/partidos/1966_inglaterra_argentina.php,Cuartos,1-0,Inglaterra,Argentina,Fecha:23-Jul-1966
Mundial 1966,/partidos/1966_portugal_corea_del_norte.php,Cuartos,5-3,Portugal,CoreadelNorte,Fecha:23-Jul-1966
Mundial 1966,/partidos/1966_urss_hungria.php,Cuartos,2-1,URSS,Hungría,Fecha:23-Jul-1966
Mundial 1966,/partidos/1966_alemania_occidental_uruguay.php,Cuartos,4-0,AlemaniaOccidental,Uruguay,Fecha:23-Jul-1966
Mundial 1966,/partidos/1966_alemania_occidental_urss.php,Semis,2-1,AlemaniaOccidental,URSS,Fecha:25-Jul-1966
Mundial 1966,/partidos/1966_inglaterra_portugal.php,Semis,2-1,Inglaterra,Portugal,Fecha:26-Jul-1966
Mundial 1966,/partidos/1966_portugal_urss.php,3erPuesto,2-1,Portugal,URSS,Fecha:28-Jul-1966
Mundial 1966,/partidos/1966_inglaterra_alemania_occidental.php,Final,4-2,Inglaterra,AlemaniaOccidental,Fecha:30-Jul-1966
Mundial 1962,/partidos/1962_uruguay_colombia.php,1raRonda_Grupo1,2-1,Uruguay,Colombia,Fecha:30-May-1962
Mundial 1962,/partidos/1962_argentina_bulgaria.php,1raRonda_Grupo4,1-0,Argentina,Bulgaria,Fecha:30-May-1962
Mundial 1962,/partidos/1962_brasil_mexico.php,1raRonda_Grupo3,2-0,Brasil,México,Fecha:30-May-1962
Mundial 1962,/partidos/1962_chile_suiza.php,1raRonda_Grupo2,3-1,Chile,Suiza,Fecha:30-May-1962
Mundial 1962,/partidos/1962_alemania_occidental_italia.php,1raRonda_Grupo2,0-0,AlemaniaOccidental,Italia,Fecha:31-May-1962
Mundial 1962,/partidos/1962_urss_yugoslavia.php,1raRonda_Grupo1,2-0,URSS,Yugoslavia,Fecha:31-May-1962
Mundial 1962,/partidos/1962_checoslovaquia_espana.php,1raRonda_Grupo3,1-0,Checoslovaquia,España,Fecha:31-May-1962
Mundial 1962,/partidos/1962_hungria_inglaterra.php,1raRonda_Grupo4,2-1,Hungría,Inglaterra,Fecha:31-May-1962
Mundial 1962,/partidos/1962_yugoslavia_uruguay.php,1raRonda_Grupo1,3-1,Yugoslavia,Uruguay,Fecha:02-Jun-1962
Mundial 1962,/partidos/1962_brasil_checoslovaquia.php,1raRonda_Grupo3,0-0,Brasil,Checoslovaquia,Fecha:02-Jun-1962
Mundial 1962,/partidos/1962_inglaterra_argentina.php,1raRonda_Grupo4,3-1,Inglaterra,Argentina,Fecha:02-Jun-1962
Mundial 1962,/partidos/1962_chile_italia.php,1raRonda_Grupo2,2-0,Chile,Italia,Fecha:02-Jun-1962
Mundial 1962,/partidos/1962_urss_colombia.php,1raRonda_Grupo1,4-4,URSS,Colombia,Fecha:03-Jun-1962
Mundial 1962,/partidos/1962_hungria_bulgaria.php,1raRonda_Grupo4,6-1,Hungría,Bulgaria,Fecha:03-Jun-1962
Mundial 1962,/partidos/1962_espana_mexico.php,1raRonda_Grupo3,1-0,España,México,Fecha:03-Jun-1962
Mundial 1962,/partidos/1962_alemania_occidental_suiza.php,1raRonda_Grupo2,2-1,AlemaniaOccidental,Suiza,Fecha:03-Jun-1962
Mundial 1962,/partidos/1962_alemania_occidental_chile.php,1raRonda_Grupo2,2-0,AlemaniaOccidental,Chile,Fecha:06-Jun-1962
Mundial 1962,/partidos/1962_hungria_argentina.php,1raRonda_Grupo4,0-0,Hungría,Argentina,Fecha:06-Jun-1962
Mundial 1962,/partidos/1962_urss_uruguay.php,1raRonda_Grupo1,2-1,URSS,Uruguay,Fecha:06-Jun-1962
Mundial 1962,/partidos/1962_brasil_espana.php,1raRonda_Grupo3,2-1,Brasil,España,Fecha:06-Jun-1962
Mundial 1962,/partidos/1962_yugoslavia_colombia.php,1raRonda_Grupo1,5-0,Yugoslavia,Colombia,Fecha:07-Jun-1962
Mundial 1962,/partidos/1962_mexico_checoslovaquia.php,1raRonda_Grupo3,3-1,México,Checoslovaquia,Fecha:07-Jun-1962
Mundial 1962,/partidos/1962_italia_suiza.php,1raRonda_Grupo2,3-0,Italia,Suiza,Fecha:07-Jun-1962
Mundial 1962,/partidos/1962_inglaterra_bulgaria.php,1raRonda_Grupo4,0-0,Inglaterra,Bulgaria,Fecha:07-Jun-1962
Mundial 1962,/partidos/1962_brasil_inglaterra.php,Cuartos,3-1,Brasil,Inglaterra,Fecha:10-Jun-1962
Mundial 1962,/partidos/1962_checoslovaquia_hungria.php,Cuartos,1-0,Checoslovaquia,Hungría,Fecha:10-Jun-1962
Mundial 1962,/partidos/1962_yugoslavia_alemania_occidental.php,Cuartos,1-0,Yugoslavia,AlemaniaOccidental,Fecha:10-Jun-1962
Mundial 1962,/partidos/1962_chile_urss.php,Cuartos,2-1,Chile,URSS,Fecha:10-Jun-1962
Mundial 1962,/partidos/1962_yugoslavia_checoslovaquia.php,Semis,1-3,Yugoslavia,Checoslovaquia,Fecha:13-Jun-1962
Mundial 1962,/partidos/1962_chile_brasil.php,Semis,2-4,Chile,Brasil,Fecha:13-Jun-1962
Mundial 1962,/partidos/1962_chile_yugoslavia.php,3erPuesto,1-0,Chile,Yugoslavia,Fecha:16-Jun-1962
Mundial 1962,/partidos/1962_brasil_checoslovaquia_2.php,Final,3-1,Brasil,Checoslovaquia,Fecha:17-Jun-1962
Mundial 1958,/partidos/1958_suecia_mexico.php,1raRonda_Grupo3,3-0,Suecia,México,Fecha:08-Jun-1958
Mundial 1958,/partidos/1958_yugoslavia_escocia.php,1raRonda_Grupo2,1-1,Yugoslavia,Escocia,Fecha:08-Jun-1958
Mundial 1958,/partidos/1958_urss_inglaterra.php,1raRonda_Grupo4,2-2,URSS,Inglaterra,Fecha:08-Jun-1958
Mundial 1958,/partidos/1958_argentina_alemania_occidental.php,1raRonda_Grupo1,1-3,Argentina,AlemaniaOccidental,Fecha:08-Jun-1958
Mundial 1958,/partidos/1958_brasil_austria.php,1raRonda_Grupo4,3-0,Brasil,Austria,Fecha:08-Jun-1958
Mundial 1958,/partidos/1958_irlanda_del_norte_checoslovaquia.php,1raRonda_Grupo1,1-0,IrlandadelNorte,Checoslovaquia,Fecha:08-Jun-1958
Mundial 1958,/partidos/1958_hungria_gales.php,1raRonda_Grupo3,1-1,Hungría,Gales,Fecha:08-Jun-1958
Mundial 1958,/partidos/1958_francia_paraguay.php,1raRonda_Grupo2,7-3,Francia,Paraguay,Fecha:08-Jun-1958
Mundial 1958,/partidos/1958_yugoslavia_francia.php,1raRonda_Grupo2,3-2,Yugoslavia,Francia,Fecha:11-Jun-1958
Mundial 1958,/partidos/1958_urss_austria.php,1raRonda_Grupo4,2-0,URSS,Austria,Fecha:11-Jun-1958
Mundial 1958,/partidos/1958_paraguay_escocia.php,1raRonda_Grupo2,3-2,Paraguay,Escocia,Fecha:11-Jun-1958
Mundial 1958,/partidos/1958_mexico_gales.php,1raRonda_Grupo3,1-1,México,Gales,Fecha:11-Jun-1958
Mundial 1958,/partidos/1958_alemania_occidental_checoslovaquia.php,1raRonda_Grupo1,2-2,AlemaniaOccidental,Checoslovaquia,Fecha:11-Jun-1958
Mundial 1958,/partidos/1958_brasil_inglaterra.php,1raRonda_Grupo4,0-0,Brasil,Inglaterra,Fecha:11-Jun-1958
Mundial 1958,/partidos/1958_argentina_irlanda_del_norte.php,1raRonda_Grupo1,3-1,Argentina,IrlandadelNorte,Fecha:11-Jun-1958
Mundial 1958,/partidos/1958_suecia_hungria.php,1raRonda_Grupo3,2-1,Suecia,Hungría,Fecha:12-Jun-1958
Mundial 1958,/partidos/1958_francia_escocia.php,1raRonda_Grupo2,2-1,Francia,Escocia,Fecha:15-Jun-1958
Mundial 1958,/partidos/1958_checoslovaquia_argentina.php,1raRonda_Grupo1,6-1,Checoslovaquia,Argentina,Fecha:15-Jun-1958
Mundial 1958,/partidos/1958_brasil_urss.php,1raRonda_Grupo4,2-0,Brasil,URSS,Fecha:15-Jun-1958
Mundial 1958,/partidos/1958_hungria_mexico.php,1raRonda_Grupo3,4-0,Hungría,México,Fecha:15-Jun-1958
Mundial 1958,/partidos/1958_inglaterra_austria.php,1raRonda_Grupo4,2-2,Inglaterra,Austria,Fecha:15-Jun-1958
Mundial 1958,/partidos/1958_paraguay_yugoslavia.php,1raRonda_Grupo2,3-3,Paraguay,Yugoslavia,Fecha:15-Jun-1958
Mundial 1958,/partidos/1958_suecia_gales.php,1raRonda_Grupo3,0-0,Suecia,Gales,Fecha:15-Jun-1958
Mundial 1958,/partidos/1958_alemania_occidental_irlanda_del_norte.php,1raRonda_Grupo1,2-2,AlemaniaOccidental,IrlandadelNorte,Fecha:15-Jun-1958
Mundial 1958,/partidos/1958_gales_hungria.php,1raRonda_Grupo3,2-1,Gales,Hungría,Fecha:17-Jun-1958
Mundial 1958,/partidos/1958_irlanda_del_norte_checoslovaquia_2.php,1raRonda_Grupo1,2-1,IrlandadelNorte,Checoslovaquia,Fecha:17-Jun-1958
Mundial 1958,/partidos/1958_urss_inglaterra_2.php,1raRonda_Grupo4,1-0,URSS,Inglaterra,Fecha:17-Jun-1958
Mundial 1958,/partidos/1958_suecia_urss.php,Cuartos,2-0,Suecia,URSS,Fecha:19-Jun-1958
Mundial 1958,/partidos/1958_alemania_occidental_yugoslavia.php,Cuartos,1-0,AlemaniaOccidental,Yugoslavia,Fecha:19-Jun-1958
Mundial 1958,/partidos/1958_brasil_gales.php,Cuartos,1-0,Brasil,Gales,Fecha:19-Jun-1958
Mundial 1958,/partidos/1958_francia_irlanda_del_norte.php,Cuartos,4-0,Francia,IrlandadelNorte,Fecha:19-Jun-1958
Mundial 1958,/partidos/1958_alemania_occidental_suecia.php,Semis,1-3,AlemaniaOccidental,Suecia,Fecha:24-Jun-1958
Mundial 1958,/partidos/1958_francia_brasil.php,Semis,2-5,Francia,Brasil,Fecha:24-Jun-1958
Mundial 1958,/partidos/1958_alemania_occidental_francia.php,3erPuesto,3-6,AlemaniaOccidental,Francia,Fecha:28-Jun-1958
Mundial 1958,/partidos/1958_suecia_brasil.php,Final,2-5,Suecia,Brasil,Fecha:29-Jun-1958
Mundial 1954,/partidos/1954_yugoslavia_francia.php,1raRonda_Grupo1,1-0,Yugoslavia,Francia,Fecha:16-Jun-1954
Mundial 1954,/partidos/1954_austria_escocia.php,1raRonda_Grupo3,1-0,Austria,Escocia,Fecha:16-Jun-1954
Mundial 1954,/partidos/1954_uruguay_checoslovaquia.php,1raRonda_Grupo3,2-0,Uruguay,Checoslovaquia,Fecha:16-Jun-1954
Mundial 1954,/partidos/1954_brasil_mexico.php,1raRonda_Grupo1,5-0,Brasil,México,Fecha:16-Jun-1954
Mundial 1954,/partidos/1954_inglaterra_belgica.php,1raRonda_Grupo4,4-4,Inglaterra,Bélgica,Fecha:17-Jun-1954
Mundial 1954,/partidos/1954_alemania_occidental_turquia.php,1raRonda_Grupo2,4-1,AlemaniaOccidental,Turquía,Fecha:17-Jun-1954
Mundial 1954,/partidos/1954_suiza_italia.php,1raRonda_Grupo4,2-1,Suiza,Italia,Fecha:17-Jun-1954
Mundial 1954,/partidos/1954_hungria_corea_del_sur.php,1raRonda_Grupo2,9-0,Hungría,CoreadelSur,Fecha:17-Jun-1954
Mundial 1954,/partidos/1954_francia_mexico.php,1raRonda_Grupo1,3-2,Francia,México,Fecha:19-Jun-1954
Mundial 1954,/partidos/1954_brasil_yugoslavia.php,1raRonda_Grupo1,1-1,Brasil,Yugoslavia,Fecha:19-Jun-1954
Mundial 1954,/partidos/1954_austria_checoslovaquia.php,1raRonda_Grupo3,5-0,Austria,Checoslovaquia,Fecha:19-Jun-1954
Mundial 1954,/partidos/1954_uruguay_escocia.php,1raRonda_Grupo3,7-0,Uruguay,Escocia,Fecha:19-Jun-1954
Mundial 1954,/partidos/1954_hungria_alemania_occidental.php,1raRonda_Grupo2,8-3,Hungría,AlemaniaOccidental,Fecha:20-Jun-1954
Mundial 1954,/partidos/1954_turquia_corea_del_sur.php,1raRonda_Grupo2,7-0,Turquía,CoreadelSur,Fecha:20-Jun-1954
Mundial 1954,/partidos/1954_inglaterra_suiza.php,1raRonda_Grupo4,2-0,Inglaterra,Suiza,Fecha:20-Jun-1954
Mundial 1954,/partidos/1954_italia_belgica.php,1raRonda_Grupo4,4-1,Italia,Bélgica,Fecha:20-Jun-1954
Mundial 1954,/partidos/1954_suiza_italia_2.php,1raRonda_Grupo4,4-1,Suiza,Italia,Fecha:23-Jun-1954
Mundial 1954,/partidos/1954_alemania_occidental_turquia_2.php,1raRonda_Grupo2,7-2,AlemaniaOccidental,Turquía,Fecha:23-Jun-1954
Mundial 1954,/partidos/1954_uruguay_inglaterra.php,Cuartos,4-2,Uruguay,Inglaterra,Fecha:26-Jun-1954
Mundial 1954,/partidos/1954_austria_suiza.php,Cuartos,7-5,Austria,Suiza,Fecha:26-Jun-1954
Mundial 1954,/partidos/1954_hungria_brasil.php,Cuartos,4-2,Hungría,Brasil,Fecha:27-Jun-1954
Mundial 1954,/partidos/1954_alemania_occidental_yugoslavia.php,Cuartos,2-0,AlemaniaOccidental,Yugoslavia,Fecha:27-Jun-1954
Mundial 1954,/partidos/1954_hungria_uruguay.php,Semis,4-2,Hungría,Uruguay,Fecha:30-Jun-1954
Mundial 1954,/partidos/1954_alemania_occidental_austria.php,Semis,6-1,AlemaniaOccidental,Austria,Fecha:30-Jun-1954
Mundial 1954,/partidos/1954_uruguay_austria.php,3erPuesto,1-3,Uruguay,Austria,Fecha:03-Jul-1954
Mundial 1954,/partidos/1954_hungria_alemania_occidental_2.php,Final,2-3,Hungría,AlemaniaOccidental,Fecha:04-Jul-1954
Mundial 1950,/partidos/1950_brasil_mexico.php,1raRonda_Grupo1,4-0,Brasil,México,Fecha:24-Jun-1950
Mundial 1950,/partidos/1950_suecia_italia.php,1raRonda_Grupo3,3-2,Suecia,Italia,Fecha:25-Jun-1950
Mundial 1950,/partidos/1950_yugoslavia_suiza.php,1raRonda_Grupo1,3-0,Yugoslavia,Suiza,Fecha:25-Jun-1950
Mundial 1950,/partidos/1950_inglaterra_chile.php,1raRonda_Grupo2,2-0,Inglaterra,Chile,Fecha:25-Jun-1950
Mundial 1950,/partidos/1950_espana_estados_unidos.php,1raRonda_Grupo2,3-1,España,EstadosUnidos,Fecha:25-Jun-1950
Mundial 1950,/partidos/1950_brasil_suiza.php,1raRonda_Grupo1,2-2,Brasil,Suiza,Fecha:28-Jun-1950
Mundial 1950,/partidos/1950_yugoslavia_mexico.php,1raRonda_Grupo1,4-1,Yugoslavia,México,Fecha:28-Jun-1950
Mundial 1950,/partidos/1950_estados_unidos_inglaterra.php,1raRonda_Grupo2,1-0,EstadosUnidos,Inglaterra,Fecha:29-Jun-1950
Mundial 1950,/partidos/1950_suecia_paraguay.php,1raRonda_Grupo3,2-2,Suecia,Paraguay,Fecha:29-Jun-1950
Mundial 1950,/partidos/1950_espana_chile.php,1raRonda_Grupo2,2-0,España,Chile,Fecha:29-Jun-1950
Mundial 1950,/partidos/1950_brasil_yugoslavia.php,1raRonda_Grupo1,2-0,Brasil,Yugoslavia,Fecha:01-Jul-1950
Mundial 1950,/partidos/1950_espana_inglaterra.php,1raRonda_Grupo2,1-0,España,Inglaterra,Fecha:02-Jul-1950
Mundial 1950,/partidos/1950_italia_paraguay.php,1raRonda_Grupo3,2-0,Italia,Paraguay,Fecha:02-Jul-1950
Mundial 1950,/partidos/1950_chile_estados_unidos.php,1raRonda_Grupo2,5-2,Chile,EstadosUnidos,Fecha:02-Jul-1950
Mundial 1950,/partidos/1950_suiza_mexico.php,1raRonda_Grupo1,2-1,Suiza,México,Fecha:02-Jul-1950
Mundial 1950,/partidos/1950_uruguay_bolivia.php,1raRonda_Grupo4,8-0,Uruguay,Bolivia,Fecha:02-Jul-1950
Mundial 1950,/partidos/1950_brasil_suecia.php,RondaFinal,7-1,Brasil,Suecia,Fecha:09-Jul-1950
Mundial 1950,/partidos/1950_uruguay_espana.php,RondaFinal,2-2,Uruguay,España,Fecha:09-Jul-1950
Mundial 1950,/partidos/1950_uruguay_suecia.php,RondaFinal,3-2,Uruguay,Suecia,Fecha:13-Jul-1950
Mundial 1950,/partidos/1950_brasil_espana.php,RondaFinal,6-1,Brasil,España,Fecha:13-Jul-1950
Mundial 1950,/partidos/1950_suecia_espana.php,RondaFinal,3-1,Suecia,España,Fecha:16-Jul-1950
Mundial 1950,/partidos/1950_uruguay_brasil.php,RondaFinal,2-1,Uruguay,Brasil,Fecha:16-Jul-1950
Mundial 1938,/partidos/1938_suiza_alemania.php,Octavos,1-1,Suiza,Alemania,Fecha:04-Jun-1938
Mundial 1938,/partidos/1938_italia_noruega.php,Octavos,2-1,Italia,Noruega,Fecha:05-Jun-1938
Mundial 1938,/partidos/1938_brasil_polonia.php,Octavos,6-5,Brasil,Polonia,Fecha:05-Jun-1938
Mundial 1938,/partidos/1938_hungria_indias_orientales.php,Octavos,6-0,Hungría,IndiasOrientalesHoland,Fecha:05-Jun-1938
Mundial 1938,/partidos/1938_checoslovaquia_holanda.php,Octavos,3-0,Checoslovaquia,Holanda,Fecha:05-Jun-1938
Mundial 1938,/partidos/1938_cuba_rumania.php,Octavos,3-3,Cuba,Rumania,Fecha:05-Jun-1938
Mundial 1938,/partidos/1938_francia_belgica.php,Octavos,3-1,Francia,Bélgica,Fecha:05-Jun-1938
Mundial 1938,/partidos/1938_suiza_alemania_2.php,Octavos,4-2,Suiza,Alemania,Fecha:09-Jun-1938
Mundial 1938,/partidos/1938_cuba_rumania_2.php,Octavos,2-1,Cuba,Rumania,Fecha:09-Jun-1938
Mundial 1938,/partidos/1938_cuba_suecia.php,Cuartos,0-8,Cuba,Suecia,Fecha:12-Jun-1938
Mundial 1938,/partidos/1938_hungria_suiza.php,Cuartos,2-0,Hungría,Suiza,Fecha:12-Jun-1938
Mundial 1938,/partidos/1938_italia_francia.php,Cuartos,3-1,Italia,Francia,Fecha:12-Jun-1938
Mundial 1938,/partidos/1938_brasil_checoslovaquia.php,Cuartos,1-1,Brasil,Checoslovaquia,Fecha:12-Jun-1938
Mundial 1938,/partidos/1938_brasil_checoslovaquia_2.php,Cuartos,2-1,Brasil,Checoslovaquia,Fecha:14-Jun-1938
Mundial 1938,/partidos/1938_hungria_suecia.php,Semis,5-1,Hungría,Suecia,Fecha:16-Jun-1938
Mundial 1938,/partidos/1938_brasil_italia.php,Semis,1-2,Brasil,Italia,Fecha:16-Jun-1938
Mundial 1938,/partidos/1938_brasil_suecia.php,3erPuesto,4-2,Brasil,Suecia,Fecha:19-Jun-1938
Mundial 1938,/partidos/1938_italia_hungria.php,Final,4-2,Italia,Hungría,Fecha:19-Jun-1938
Mundial 1934,/partidos/1934_suiza_holanda.php,Octavos,3-2,Suiza,Holanda,Fecha:27-May-1934
Mundial 1934,/partidos/1934_suecia_argentina.php,Octavos,3-2,Suecia,Argentina,Fecha:27-May-1934
Mundial 1934,/partidos/1934_italia_estados_unidos.php,Octavos,7-1,Italia,EstadosUnidos,Fecha:27-May-1934
Mundial 1934,/partidos/1934_hungria_egipto.php,Octavos,4-2,Hungría,Egipto,Fecha:27-May-1934
Mundial 1934,/partidos/1934_espana_brasil.php,Octavos,3-1,España,Brasil,Fecha:27-May-1934
Mundial 1934,/partidos/1934_checoslovaquia_rumania.php,Octavos,2-1,Checoslovaquia,Rumania,Fecha:27-May-1934
Mundial 1934,/partidos/1934_austria_francia.php,Octavos,3-2,Austria,Francia,Fecha:27-May-1934
Mundial 1934,/partidos/1934_alemania_belgica.php,Octavos,5-2,Alemania,Bélgica,Fecha:27-May-1934
Mundial 1934,/partidos/1934_checoslovaquia_suiza.php,Cuartos,3-2,Checoslovaquia,Suiza,Fecha:31-May-1934
Mundial 1934,/partidos/1934_austria_hungria.php,Cuartos,2-1,Austria,Hungría,Fecha:31-May-1934
Mundial 1934,/partidos/1934_italia_espana.php,Cuartos,1-1,Italia,España,Fecha:31-May-1934
Mundial 1934,/partidos/1934_alemania_suecia.php,Cuartos,2-1,Alemania,Suecia,Fecha:31-May-1934
Mundial 1934,/partidos/1934_italia_espana_2.php,Cuartos,1-0,Italia,España,Fecha:01-Jun-1934
Mundial 1934,/partidos/1934_checoslovaquia_alemania.php,Semis,3-1,Checoslovaquia,Alemania,Fecha:03-Jun-1934
Mundial 1934,/partidos/1934_italia_austria.php,Semis,1-0,Italia,Austria,Fecha:03-Jun-1934
Mundial 1934,/partidos/1934_austria_alemania.php,3erPuesto,2-3,Austria,Alemania,Fecha:07-Jun-1934
Mundial 1934,/partidos/1934_italia_checoslovaquia.php,Final,2-1,Italia,Checoslovaquia,Fecha:10-Jun-1934
Mundial 1930,/partidos/1930_estados_unidos_belgica.php,1raRonda_Grupo4,3-0,EstadosUnidos,Bélgica,Fecha:13-Jul-1930
Mundial 1930,/partidos/1930_francia_mexico.php,1raRonda_Grupo1,4-1,Francia,México,Fecha:13-Jul-1930
Mundial 1930,/partidos/1930_yugoslavia_brasil.php,1raRonda_Grupo2,2-1,Yugoslavia,Brasil,Fecha:14-Jul-1930
Mundial 1930,/partidos/1930_rumania_peru.php,1raRonda_Grupo3,3-1,Rumania,Perú,Fecha:14-Jul-1930
Mundial 1930,/partidos/1930_argentina_francia.php,1raRonda_Grupo1,1-0,Argentina,Francia,Fecha:15-Jul-1930
Mundial 1930,/partidos/1930_chile_mexico.php,1raRonda_Grupo1,3-0,Chile,México,Fecha:16-Jul-1930
Mundial 1930,/partidos/1930_estados_unidos_paraguay.php,1raRonda_Grupo4,3-0,EstadosUnidos,Paraguay,Fecha:17-Jul-1930
Mundial 1930,/partidos/1930_yugoslavia_bolivia.php,1raRonda_Grupo2,4-0,Yugoslavia,Bolivia,Fecha:17-Jul-1930
Mundial 1930,/partidos/1930_uruguay_peru.php,1raRonda_Grupo3,1-0,Uruguay,Perú,Fecha:18-Jul-1930
Mundial 1930,/partidos/1930_argentina_mexico.php,1raRonda_Grupo1,6-3,Argentina,México,Fecha:19-Jul-1930
Mundial 1930,/partidos/1930_chile_francia.php,1raRonda_Grupo1,1-0,Chile,Francia,Fecha:19-Jul-1930
Mundial 1930,/partidos/1930_paraguay_belgica.php,1raRonda_Grupo4,1-0,Paraguay,Bélgica,Fecha:20-Jul-1930
Mundial 1930,/partidos/1930_brasil_bolivia.php,1raRonda_Grupo2,4-0,Brasil,Bolivia,Fecha:20-Jul-1930
Mundial 1930,/partidos/1930_uruguay_rumania.php,1raRonda_Grupo3,4-0,Uruguay,Rumania,Fecha:21-Jul-1930
Mundial 1930,/partidos/1930_argentina_chile.php,1raRonda_Grupo1,3-1,Argentina,Chile,Fecha:22-Jul-1930
Mundial 1930,/partidos/1930_argentina_estados_unidos.php,Semis,6-1,Argentina,EstadosUnidos,Fecha:26-Jul-1930
Mundial 1930,/partidos/1930_uruguay_yugoslavia.php,Semis,6-1,Uruguay,Yugoslavia,Fecha:27-Jul-1930
Mundial 1930,/partidos/1930_argentina_uruguay.php,Final,2-4,Argentina,Uruguay,Fecha:30-Jul-1930
